imdb_id,average_rating,num_votes
tt0006864,7.7,14253
tt0015624,7.9,6194
tt0019729,5.7,6501
tt0020960,7.4,4844
tt0022879,6.5,5112
tt0024034,7.4,10776
tt0024548,6.3,5498
tt0025316,8.1,94213
tt0027125,7.7,17494
tt0027438,7.1,4516
tt0027977,8.5,218321
tt0029442,7.7,4147
tt0029583,7.6,181821
tt0029852,6.9,1899
tt0030993,7.9,23366
tt0031381,8.1,290473
tt0031679,8.1,107148
tt0032138,8.0,371610
tt0032264,6.4,1600
tt0032273,7.1,3096
tt0032455,7.7,88752
tt0032910,7.4,131578
tt0032976,8.1,124141
tt0033729,7.7,21406
tt0034492,7.3,131512
tt0034583,8.5,522809
tt0035423,6.4,79054
tt0035959,7.0,2318
tt0036628,6.6,1464
tt0036868,8.0,57327
tt0037884,7.9,33583
tt0038109,7.6,43559
tt0038116,7.0,3589
tt0038213,7.4,1862
tt0038499,6.8,7996
tt0038650,8.6,406408
tt0039416,7.2,14814
tt0039927,6.3,1342
tt0040525,7.6,27032
tt0040671,6.7,197
tt0040694,7.0,4395
tt0040724,7.8,28217
tt0041841,7.1,9562
tt0041866,7.3,15985
tt0042200,6.9,4389
tt0043949,7.2,13662
tt0044030,6.9,4469
tt0044081,8.0,99313
tt0044533,7.2,3100
tt0044672,6.6,13001
tt0044706,7.9,97314
tt0045152,8.3,219338
tt0045546,6.7,7006
tt0045793,7.6,43445
tt0046126,7.0,14877
tt0046247,6.7,9325
tt0046672,7.2,29457
tt0046949,6.6,3549
tt0047296,8.1,142368
tt0048750,7.1,33848
tt0049452,6.2,3653
tt0049513,7.3,17033
tt0049875,6.8,4223
tt0050083,9.0,691200
tt0050212,8.1,203761
tt0051459,8.0,45135
tt0052646,4.5,6257
tt0053131,7.6,9438
tt0053290,6.2,2919
tt0053291,8.2,244348
tt0053604,8.3,164683
tt0053793,7.8,10404
tt0054215,8.5,605144
tt0054997,8.0,75124
tt0055031,8.2,69593
tt0055184,7.2,17310
tt0055312,7.2,6158
tt0055614,7.5,97187
tt0055928,7.2,150393
tt0056172,8.3,268542
tt0056193,7.6,93023
tt0056197,7.8,52170
tt0056217,8.1,68930
tt0056592,8.2,294161
tt0056800,6.7,6015
tt0056937,7.0,29498
tt0057007,6.9,7756
tt0057012,8.4,451147
tt0057076,7.4,120570
tt0057115,8.2,225065
tt0057163,7.8,19613
tt0057193,7.5,37942
tt0057590,6.5,11700
tt0058085,6.7,8259
tt0058150,7.7,174324
tt0058182,7.6,40410
tt0058331,7.8,158229
tt0058385,7.8,86627
tt0058414,8.0,1390
tt0059026,8.3,32868
tt0059113,8.0,69969
tt0059245,6.6,9178
tt0059418,6.7,7101
tt0059742,8.0,206150
tt0059800,7.0,107272
tt0059825,7.8,14462
tt0060153,6.5,29761
tt0060438,6.9,8378
tt0060490,6.9,8257
tt0060665,7.7,31277
tt0060816,6.3,575
tt0061107,6.7,24792
tt0061747,7.0,35427
tt0061809,7.9,23982
tt0062138,7.3,18444
tt0062512,6.9,99195
tt0062622,8.3,604416
tt0062711,5.9,32478
tt0062794,7.0,6218
tt0063350,7.9,116692
tt0063385,7.4,34852
tt0063522,8.0,194050
tt0063592,5.6,2780
tt0063829,7.2,7721
tt0064115,8.0,202052
tt0064665,7.8,101250
tt0064757,6.7,81662
tt0064782,6.6,12417
tt0065054,7.0,5127
tt0065112,6.3,16750
tt0065214,7.9,77465
tt0065446,7.2,8597
tt0065462,6.1,41939
tt0065466,6.2,10051
tt0065528,7.1,21966
tt0065579,6.5,1744
tt0065611,6.1,1980
tt0066090,6.9,3427
tt0066141,6.6,1460
tt0066206,7.9,93804
tt0066473,7.5,31736
tt0066549,7.3,8934
tt0066580,8.2,16013
tt0066769,7.2,33710
tt0066808,7.0,34037
tt0066995,6.6,96766
tt0067065,6.3,32134
tt0067093,8.0,39541
tt0067116,7.7,110245
tt0067580,6.8,1197
tt0067756,6.7,26773
tt0067810,5.5,4603
tt0067992,7.8,178972
tt0068156,7.6,7681
tt0068408,6.1,30149
tt0068555,6.8,38099
tt0068611,7.4,41542
tt0068646,9.2,1623236
tt0068699,7.5,50016
tt0069089,6.1,22008
tt0069704,7.4,81899
tt0069768,5.5,28787
tt0070047,8.0,362696
tt0070328,6.8,97539
tt0070379,7.2,100362
tt0070518,7.3,18093
tt0070707,7.2,39803
tt0070735,8.3,241877
tt0071206,6.2,4394
tt0071230,7.7,126195
tt0071360,7.8,98860
tt0071524,7.3,12564
tt0071562,9.0,1131842
tt0071807,6.8,96190
tt0071853,8.2,501462
tt0072081,7.1,25180
tt0072271,7.5,137710
tt0072431,8.0,143625
tt0072626,4.6,707
tt0072684,8.1,150179
tt0072856,6.2,24563
tt0073195,8.0,543854
tt0073486,8.7,919390
tt0074174,7.3,20457
tt0074486,7.4,103266
tt0074512,6.8,20861
tt0074812,6.8,51781
tt0074958,8.1,145102
tt0075005,7.5,107465
tt0075147,6.5,11645
tt0075148,8.1,519329
tt0075222,6.7,16079
tt0075314,8.2,725978
tt0075686,8.0,252037
tt0075784,7.4,52252
tt0075860,7.6,185221
tt0075909,5.3,4857
tt0076009,3.8,22052
tt0076141,6.7,19904
tt0076175,6.3,3079
tt0076245,7.2,8698
tt0076257,6.5,17147
tt0076271,5.8,4589
tt0076451,6.7,18325
tt0076740,7.7,18115
tt0076752,7.1,99001
tt0076759,8.6,1233205
tt0077269,7.0,25694
tt0077294,6.9,20301
tt0077296,6.1,815
tt0077405,7.8,52951
tt0077416,8.1,311827
tt0077531,6.5,7215
tt0077572,6.4,16710
tt0077631,7.2,242486
tt0077651,7.7,233370
tt0077766,5.8,70786
tt0077838,8.2,16298
tt0077975,7.5,112111
tt0078346,7.3,159378
tt0078504,5.5,13849
tt0078723,5.8,31418
tt0078748,8.4,789047
tt0078754,7.9,28262
tt0078788,8.4,607362
tt0078869,6.0,23455
tt0078872,7.3,11789
tt0079116,7.6,121959
tt0079240,6.9,16063
tt0079501,6.9,191957
tt0079550,5.0,6666
tt0079574,6.3,91531
tt0079588,7.6,32844
tt0079709,5.7,889
tt0079758,5.5,4453
tt0079826,7.0,7835
tt0079945,6.4,81761
tt0080339,7.7,215156
tt0080453,5.8,63100
tt0080455,7.9,183418
tt0080487,7.3,105281
tt0080492,4.2,3588
tt0080549,7.5,16726
tt0080661,7.1,35617
tt0080678,8.1,220469
tt0080684,8.7,1161014
tt0080745,6.5,51166
tt0080749,6.8,64609
tt0080771,3.7,2668
tt0080855,6.8,13746
tt0081059,8.4,14207
tt0081071,7.0,9939
tt0081283,7.7,47182
tt0081291,7.2,2385
tt0081375,6.2,23566
tt0081398,8.2,322370
tt0081400,5.0,3986
tt0081505,8.4,899812
tt0081534,7.2,26897
tt0081573,6.8,98261
tt0081633,7.0,58741
tt0082085,7.4,44755
tt0082122,4.7,1203
tt0082158,7.2,54921
tt0082198,6.9,137423
tt0082288,6.7,15121
tt0082340,7.2,126742
tt0082398,6.7,92552
tt0082405,6.9,3942
tt0082418,6.1,59525
tt0082467,4.8,3469
tt0082507,4.2,1319
tt0082509,6.7,31762
tt0082517,6.9,45913
tt0082533,6.6,31246
tt0082648,5.1,1901
tt0082694,7.6,166766
tt0082763,5.1,4843
tt0082766,6.7,14385
tt0082817,6.4,17745
tt0082934,6.6,21652
tt0082958,5.6,1043
tt0082971,8.4,885180
tt0082979,7.3,20964
tt0083001,6.2,3234
tt0083113,5.2,1187
tt0083131,6.9,65608
tt0083254,5.5,2554
tt0083630,6.2,20921
tt0083642,6.0,9943
tt0083658,8.1,694708
tt0083722,6.2,19328
tt0083739,6.6,9744
tt0083767,6.9,42468
tt0083833,7.1,18642
tt0083866,7.8,372920
tt0083907,7.5,187534
tt0083929,7.2,94701
tt0083943,6.0,25172
tt0083944,7.7,226809
tt0083972,5.7,47798
tt0083987,8.0,217848
tt0084132,2.6,659
tt0084171,6.3,1108
tt0084296,7.3,8011
tt0084316,3.8,3320
tt0084516,7.3,144685
tt0084522,6.2,38615
tt0084726,7.7,112806
tt0084787,8.1,371795
tt0084805,7.4,98089
tt0084855,7.7,36138
tt0085334,7.9,133024
tt0085407,7.2,62622
tt0085549,6.2,47916
tt0085636,5.0,44023
tt0085811,6.1,30380
tt0085862,6.4,11008
tt0085868,4.9,4068
tt0085871,6.0,673
tt0085995,7.4,97762
tt0086006,6.2,62095
tt0086034,6.6,95780
tt0086066,7.1,75701
tt0086190,8.3,951822
tt0086197,7.8,56288
tt0086250,8.3,742173
tt0086393,5.0,64301
tt0086465,7.5,137015
tt0086491,6.5,33180
tt0086541,7.2,84032
tt0086567,7.1,91094
tt0086582,4.7,1059
tt0086619,6.6,12715
tt0086879,8.3,369563
tt0086960,7.3,164043
tt0086984,6.8,29055
tt0086993,7.1,24775
tt0087015,5.6,10809
tt0087078,5.9,76126
tt0087089,6.6,16597
tt0087130,4.6,1799
tt0087182,6.5,127724
tt0087262,6.1,29370
tt0087277,6.6,70440
tt0087298,6.0,45510
tt0087363,7.3,200194
tt0087428,6.0,7844
tt0087451,5.7,9839
tt0087469,7.6,449944
tt0087538,7.3,197550
tt0087800,7.5,207385
tt0087843,8.4,311979
tt0087892,7.3,17025
tt0087928,6.7,114470
tt0087985,6.4,51277
tt0087995,6.9,34013
tt0088103,4.9,4467
tt0088161,6.3,69364
tt0088170,6.7,74894
tt0088247,8.0,800441
tt0088323,7.4,132557
tt0088727,8.5,19120
tt0088763,8.5,1059888
tt0088846,7.9,187752
tt0088939,7.8,78444
tt0088944,6.7,146598
tt0088993,7.2,63368
tt0089173,4.8,34111
tt0089348,5.5,8890
tt0089444,6.5,2850
tt0089457,7.0,43331
tt0089461,6.9,13009
tt0089489,6.2,22577
tt0089530,6.3,127209
tt0089686,5.5,61806
tt0089755,7.2,72924
tt0089767,7.3,53089
tt0089880,6.5,154865
tt0089893,5.1,38724
tt0089907,7.3,54696
tt0089908,6.8,24752
tt0090022,7.2,38577
tt0090190,6.3,25134
tt0090264,6.4,89034
tt0090327,5.7,6365
tt0090329,7.4,86530
tt0090357,6.8,19485
tt0090555,6.6,92735
tt0090605,8.3,653562
tt0090655,6.2,14516
tt0090728,7.3,123765
tt0090848,5.4,6067
tt0090863,7.0,74998
tt0091080,6.0,38990
tt0091129,6.0,51590
tt0091203,7.1,122278
tt0091225,4.7,43257
tt0091276,5.6,7965
tt0091396,6.0,10048
tt0091419,7.0,66106
tt0091578,6.8,14431
tt0091635,6.0,37516
tt0091671,5.9,2086
tt0091738,6.4,33058
tt0091763,8.1,381719
tt0091860,7.0,15977
tt0091867,7.3,39746
tt0091886,7.4,19406
tt0091934,3.2,4990
tt0091939,6.8,12140
tt0092005,8.1,363851
tt0092007,7.3,79038
tt0092076,5.6,28079
tt0092099,6.9,295987
tt0092240,6.0,14927
tt0092493,5.7,53381
tt0092548,5.0,8083
tt0092615,5.0,3503
tt0092644,6.5,107663
tt0092675,6.8,76955
tt0092695,7.3,23615
tt0092796,6.1,22621
tt0092804,7.4,12501
tt0092991,7.8,148475
tt0093010,6.9,76793
tt0093105,7.3,126137
tt0093177,7.0,104345
tt0093200,7.0,5001
tt0093278,4.4,10264
tt0093300,3.0,41257
tt0093378,6.9,28697
tt0093389,7.7,94530
tt0093428,6.7,89467
tt0093437,7.3,124287
tt0093483,5.8,2624
tt0093512,7.7,16439
tt0093629,6.6,71107
tt0093773,7.8,371819
tt0093779,8.0,394316
tt0093818,7.5,31650
tt0093894,6.7,141418
tt0094012,7.1,172083
tt0094074,3.7,43157
tt0094118,3.4,10621
tt0094226,7.9,282308
tt0094291,7.4,143993
tt0094612,5.5,10146
tt0094721,7.5,264223
tt0094737,7.3,199356
tt0094764,6.5,6369
tt0094799,5.7,7412
tt0094862,6.6,87798
tt0094947,7.6,64637
tt0095016,8.2,794037
tt0095179,5.3,32858
tt0095271,5.9,44115
tt0095354,6.0,392
tt0095484,6.7,6246
tt0095489,7.4,80039
tt0095497,7.5,52382
tt0095631,7.5,75944
tt0095687,5.4,24924
tt0095690,6.3,25542
tt0095742,5.7,50218
tt0095863,6.5,13373
tt0095889,4.7,17034
tt0095904,5.8,3870
tt0095953,8.0,473588
tt0095956,5.8,122022
tt0096054,6.0,6489
tt0096061,7.0,88929
tt0096219,7.3,12603
tt0096256,7.3,110506
tt0096320,6.1,114179
tt0096487,6.9,54753
tt0096754,7.5,162881
tt0096874,7.8,482508
tt0096895,7.5,338883
tt0096928,7.0,118888
tt0096933,6.7,49652
tt0096969,7.2,98506
tt0097165,8.1,426465
tt0097216,8.0,89669
tt0097239,7.3,99538
tt0097388,4.6,33872
tt0097441,7.8,123102
tt0097474,5.1,35030
tt0097499,7.5,28219
tt0097576,8.2,693171
tt0097742,6.6,95097
tt0097815,7.2,62160
tt0097965,6.4,17114
tt0097981,5.2,41091
tt0098084,6.6,94463
tt0098206,6.6,63487
tt0098213,7.4,25601
tt0098273,6.8,38021
tt0098382,5.5,56110
tt0098439,6.4,96136
tt0098503,5.1,6142
tt0098519,5.8,9443
tt0098546,7.0,25884
tt0098622,6.3,15010
tt0098625,6.2,21733
tt0098635,7.6,195933
tt0098724,7.2,50428
tt0098987,6.5,17167
tt0099052,6.4,63464
tt0099088,7.4,406389
tt0099253,5.9,45370
tt0099348,8.0,240576
tt0099371,6.1,79374
tt0099422,6.1,57739
tt0099423,7.2,338669
tt0099487,7.9,447836
tt0099582,6.6,80037
tt0099587,5.8,6401
tt0099653,7.1,197843
tt0099674,7.6,360432
tt0099685,8.7,1022698
tt0099700,6.4,93615
tt0099785,7.6,489431
tt0099810,7.6,180818
tt0099816,6.7,2551
tt0099938,6.2,136799
tt0100142,7.4,9861
tt0100146,4.5,65
tt0100168,6.6,11269
tt0100403,6.3,146929
tt0100405,7.0,290184
tt0100666,5.4,3291
tt0100802,7.5,302832
tt0100814,7.1,120608
tt0100827,6.1,6233
tt0101272,6.9,137357
tt0101412,4.1,2964
tt0101452,6.3,69386
tt0101507,7.8,126286
tt0101540,7.3,174508
tt0101761,7.2,83881
tt0101764,5.6,38046
tt0101889,7.5,79534
tt0101917,4.9,41736
tt0102005,6.2,18599
tt0102057,6.8,235382
tt0102065,5.3,6002
tt0102070,5.8,52535
tt0102138,8.0,142286
tt0102307,6.9,6006
tt0102492,6.9,72541
tt0102494,7.1,50992
tt0102510,6.9,105496
tt0102713,6.8,16305
tt0102744,6.9,19986
tt0102782,5.2,18262
tt0102798,6.9,178610
tt0102915,6.1,16570
tt0102926,8.6,1272386
tt0102943,7.1,19820
tt0102975,7.2,70554
tt0102984,6.0,7038
tt0102989,5.9,566
tt0103060,6.1,51650
tt0103064,8.5,996736
tt0103247,6.7,19664
tt0103639,8.0,374254
tt0103644,6.5,278279
tt0103776,7.0,275031
tt0103855,6.3,119902
tt0103859,5.5,26132
tt0103874,7.4,193149
tt0104036,7.2,51080
tt0104070,6.6,103792
tt0104215,5.4,1133
tt0104257,7.7,235717
tt0104348,7.7,95949
tt0104427,6.6,21405
tt0104431,6.8,311236
tt0104454,7.4,28922
tt0104567,5.8,3708
tt0104691,7.7,150786
tt0104692,5.5,33968
tt0104694,7.3,94070
tt0104714,6.7,157471
tt0104797,7.7,86039
tt0104839,6.1,21457
tt0104850,6.0,22848
tt0104868,6.5,58944
tt0104940,7.7,50341
tt0104952,7.6,107480
tt0105112,6.9,103282
tt0105211,7.0,12451
tt0105217,6.1,14346
tt0105236,8.3,920007
tt0105459,6.2,12511
tt0105695,8.2,376499
tt0105793,7.0,144318
tt0106223,6.2,7815
tt0106226,7.2,53195
tt0106233,6.3,6362
tt0106246,7.1,51107
tt0106308,7.5,162905
tt0106469,8.0,28855
tt0106582,6.4,119971
tt0106611,7.0,93232
tt0106677,7.6,165753
tt0106792,6.0,1866
tt0106918,6.8,120852
tt0106950,5.9,27429
tt0106977,7.8,268018
tt0107007,7.6,26061
tt0107048,8.0,579544
tt0107079,5.9,4141
tt0107120,6.9,103691
tt0107254,4.2,28625
tt0107290,8.1,868780
tt0107362,6.4,137003
tt0107554,7.5,52073
tt0107614,7.0,246357
tt0107616,7.3,45271
tt0107659,6.2,44486
tt0107711,5.7,21775
tt0107719,5.9,1863
tt0107750,6.7,5742
tt0107798,6.6,77318
tt0107818,7.7,224473
tt0107822,7.6,79129
tt0107840,6.1,12850
tt0107943,7.8,66198
tt0107953,5.9,13919
tt0107978,4.1,46002
tt0107983,6.6,13103
tt0108000,7.0,2358
tt0108052,8.9,1215318
tt0108101,7.3,17226
tt0108255,4.1,48784
tt0108308,4.8,30983
tt0108320,6.5,1008
tt0108358,7.8,127031
tt0108399,7.9,207166
tt0108517,5.5,5478
tt0108550,7.8,215364
tt0108551,7.3,16977
tt0109015,4.6,8528
tt0109040,6.9,277518
tt0109190,6.2,46138
tt0109254,5.6,76166
tt0109266,6.3,479
tt0109348,7.4,35519
tt0109444,6.9,89987
tt0109445,7.7,211569
tt0109446,6.8,60556
tt0109504,7.0,9392
tt0109506,7.6,166676
tt0109635,6.1,46500
tt0109686,7.3,353506
tt0109707,7.8,165049
tt0109759,7.0,18070
tt0109813,4.9,75854
tt0109830,8.8,1812530
tt0109831,7.1,139984
tt0110005,7.3,58884
tt0110027,4.5,19881
tt0110057,8.3,24442
tt0110074,7.2,76969
tt0110137,6.5,1331
tt0110148,7.5,295182
tt0110189,4.9,2452
tt0110265,6.5,19648
tt0110322,7.6,149522
tt0110357,8.5,943579
tt0110367,7.3,52397
tt0110399,6.0,6526
tt0110475,6.9,347263
tt0110490,5.8,3825
tt0110622,6.5,97419
tt0110725,4.6,22262
tt0110759,6.6,12006
tt0110857,3.6,31871
tt0110912,8.9,1829154
tt0110944,6.4,4661
tt0110971,6.2,16701
tt0110989,5.4,64338
tt0110997,6.4,41320
tt0111070,6.5,100693
tt0111127,6.8,27055
tt0111143,6.1,23427
tt0111161,9.3,2346808
tt0111255,5.6,62408
tt0111257,7.2,329165
tt0111280,6.6,76590
tt0111301,4.0,66029
tt0111438,5.9,55744
tt0111503,7.2,238054
tt0111686,6.5,51451
tt0111742,6.3,52675
tt0111756,6.7,45688
tt0112281,6.4,202621
tt0112346,6.8,52861
tt0112384,7.6,269629
tt0112389,7.1,3587
tt0112401,6.4,77686
tt0112431,6.8,116837
tt0112442,6.9,240626
tt0112462,5.4,235210
tt0112471,8.1,272801
tt0112573,8.3,960323
tt0112579,7.6,73316
tt0112585,6.6,7433
tt0112641,8.2,467135
tt0112642,6.1,121884
tt0112697,6.8,184808
tt0112715,5.3,42391
tt0112722,6.6,54402
tt0112740,7.3,101979
tt0112760,5.7,26154
tt0112818,7.5,88602
tt0112851,7.2,171494
tt0112864,7.6,364710
tt0112883,6.7,48234
tt0113071,6.0,68466
tt0113101,6.8,98398
tt0113118,7.3,100347
tt0113161,6.9,75925
tt0113189,7.2,239228
tt0113243,6.3,65409
tt0113253,4.8,31478
tt0113321,6.6,12167
tt0113362,7.1,5652
tt0113416,6.5,4311
tt0113419,6.0,26290
tt0113451,5.3,11487
tt0113463,5.8,2794
tt0113540,7.1,73107
tt0113552,5.9,16907
tt0113627,7.5,114689
tt0113749,7.1,116147
tt0113845,5.7,38858
tt0113855,5.8,102597
tt0113862,7.3,35633
tt0113957,6.0,60812
tt0113987,7.1,28825
tt0114069,6.6,120186
tt0114113,6.1,2112
tt0114148,6.7,170974
tt0114194,6.5,29157
tt0114214,6.4,85789
tt0114279,7.4,13746
tt0114287,6.9,40475
tt0114345,5.4,14403
tt0114369,8.6,1447826
tt0114388,7.6,102769
tt0114436,4.9,62570
tt0114508,5.8,74381
tt0114608,6.7,21628
tt0114609,6.4,7125
tt0114614,5.4,30203
tt0114660,6.8,26138
tt0114681,6.8,43747
tt0114709,8.3,888789
tt0114781,5.5,43910
tt0114814,8.5,992642
tt0114825,4.6,21781
tt0114857,5.6,28136
tt0114898,6.2,180463
tt0114906,7.4,31809
tt0115472,5.2,5356
tt0115495,6.1,7590
tt0115632,6.9,19547
tt0115641,6.8,51448
tt0115710,6.0,9162
tt0115725,5.4,6197
tt0115734,7.0,69911
tt0115736,7.3,50646
tt0115759,6.1,90919
tt0115798,6.1,153289
tt0115857,5.7,48011
tt0115907,6.2,19544
tt0115956,6.6,50378
tt0115963,6.4,79608
tt0116040,5.9,66850
tt0116136,6.5,91333
tt0116209,7.4,178939
tt0116213,6.1,103814
tt0116225,5.8,69962
tt0116242,6.7,35374
tt0116250,6.3,34049
tt0116253,6.4,50804
tt0116259,6.2,17055
tt0116260,6.2,13541
tt0116269,5.9,1943
tt0116277,5.9,46189
tt0116313,6.4,43778
tt0116320,5.4,8547
tt0116322,5.3,10243
tt0116324,6.7,17736
tt0116361,6.8,26452
tt0116367,7.2,287374
tt0116378,6.6,8239
tt0116404,6.8,5171
tt0116409,6.9,56396
tt0116410,6.7,10119
tt0116414,5.2,5868
tt0116421,5.4,18811
tt0116477,7.7,36029
tt0116483,7.0,197392
tt0116493,5.9,9638
tt0116583,6.9,142312
tt0116629,7.0,528061
tt0116654,4.6,31129
tt0116695,7.3,243345
tt0116705,5.6,94042
tt0116731,5.7,17261
tt0116743,6.1,9936
tt0116745,6.4,4357
tt0116778,6.9,77159
tt0116905,7.4,28014
tt0116908,6.8,73652
tt0116996,6.3,210256
tt0116999,6.7,25736
tt0117002,5.8,14063
tt0117011,5.5,20311
tt0117039,7.2,29551
tt0117057,6.6,16030
tt0117060,7.1,388311
tt0117104,6.2,6919
tt0117108,6.1,29834
tt0117119,6.5,14123
tt0117218,5.6,109970
tt0117283,4.9,7753
tt0117331,4.9,32351
tt0117333,6.4,74490
tt0117438,6.7,119027
tt0117500,7.4,313863
tt0117509,6.7,210742
tt0117571,7.3,288056
tt0117603,6.9,14322
tt0117608,5.9,21466
tt0117628,6.0,16537
tt0117631,7.7,51398
tt0117653,5.5,3668
tt0117665,7.6,186941
tt0117666,8.0,86921
tt0117705,6.5,163117
tt0117723,5.4,35990
tt0117731,7.6,118164
tt0117765,4.5,43002
tt0117802,7.2,75432
tt0117887,6.9,62423
tt0117891,5.7,4502
tt0117894,5.8,28335
tt0117913,7.5,132945
tt0117918,6.4,46183
tt0117951,8.1,635442
tt0117958,7.1,13827
tt0117998,6.4,177124
tt0118055,6.2,13474
tt0118111,7.5,26932
tt0118113,6.7,3128
tt0118158,6.6,21162
tt0118301,6.1,13455
tt0118541,5.4,9706
tt0118548,6.7,50660
tt0118570,5.2,16591
tt0118571,6.5,180351
tt0118577,3.5,3346
tt0118583,6.2,229464
tt0118589,2.3,21502
tt0118607,7.3,71419
tt0118615,4.8,96931
tt0118617,7.2,112186
tt0118632,7.2,13451
tt0118655,7.0,221481
tt0118665,2.7,25074
tt0118688,3.8,234464
tt0118715,8.1,733604
tt0118717,5.1,353
tt0118736,6.7,6726
tt0118749,7.9,239851
tt0118755,5.9,19977
tt0118771,6.9,49441
tt0118789,7.5,47921
tt0118798,6.8,24678
tt0118829,6.9,7026
tt0118836,2.3,5787
tt0118842,7.2,132277
tt0118863,6.6,10789
tt0118866,6.5,4532
tt0118880,6.9,276523
tt0118883,6.7,93890
tt0118884,7.4,254841
tt0118887,6.9,86367
tt0118901,5.9,1823
tt0118925,6.6,2344
tt0118928,6.0,81904
tt0118929,7.6,188079
tt0118954,7.4,42618
tt0118956,6.1,33454
tt0118971,7.5,332217
tt0118972,6.2,59677
tt0118998,5.4,91486
tt0119008,7.7,279889
tt0119019,7.1,1698
tt0119033,7.0,784
tt0119051,6.9,67835
tt0119080,7.3,8766
tt0119081,6.7,159842
tt0119094,7.2,349806
tt0119116,7.7,434584
tt0119137,5.3,84563
tt0119164,7.2,98845
tt0119173,6.0,73254
tt0119174,7.8,345623
tt0119177,7.8,281131
tt0119190,5.5,71716
tt0119210,6.4,12688
tt0119217,8.3,863039
tt0119227,6.2,9978
tt0119229,7.3,87824
tt0119304,5.1,8068
tt0119313,6.1,24632
tt0119314,6.6,39014
tt0119326,5.4,8686
tt0119338,6.3,1149
tt0119345,5.7,133746
tt0119346,7.0,1810
tt0119349,7.4,53531
tt0119360,6.4,38745
tt0119361,7.2,13075
tt0119395,6.4,106486
tt0119396,7.5,316795
tt0119468,6.6,66477
tt0119485,7.0,26356
tt0119488,8.2,532704
tt0119494,6.2,1910
tt0119502,5.6,2042
tt0119528,6.9,281324
tt0119567,6.6,380043
tt0119572,7.5,3948
tt0119574,6.9,3779
tt0119592,6.3,19196
tt0119643,7.2,215559
tt0119654,7.3,516596
tt0119668,6.6,36810
tt0119670,7.3,12342
tt0119695,6.2,27632
tt0119707,3.7,46921
tt0119738,6.3,129896
tt0119778,6.6,4612
tt0119807,6.7,43871
tt0119822,7.7,276074
tt0119843,6.6,6432
tt0119874,5.9,53985
tt0119905,5.9,6334
tt0119925,6.1,68878
tt0119934,7.2,6593
tt0119937,6.8,6859
tt0119942,6.6,27393
tt0119978,7.2,64324
tt0120004,5.8,25014
tt0120008,6.2,26983
tt0120053,6.3,62632
tt0120082,6.2,157893
tt0120094,6.8,25467
tt0120102,7.1,129544
tt0120107,5.0,4392
tt0120122,6.6,7302
tt0120133,5.4,5143
tt0120148,6.7,63506
tt0120152,6.4,13784
tt0120157,6.1,51780
tt0120169,7.1,7083
tt0120176,7.1,21916
tt0120177,5.3,64127
tt0120179,3.9,74838
tt0120184,6.1,99429
tt0120185,3.5,33239
tt0120188,7.1,160253
tt0120201,7.2,269399
tt0120207,2.8,11259
tt0120210,6.3,967
tt0120255,7.5,32058
tt0120321,7.1,9684
tt0120324,7.5,63726
tt0120338,7.8,1047785
tt0120347,6.5,181642
tt0120363,7.9,528210
tt0120370,6.9,4731
tt0120382,8.1,941553
tt0120390,4.9,10701
tt0120391,7.1,2399
tt0120402,7.0,6744
tt0120461,5.5,72084
tt0120479,4.8,2870
tt0120483,6.7,30384
tt0120484,6.2,149138
tt0120531,4.1,1860
tt0120533,6.3,24258
tt0120577,5.9,31511
tt0120586,8.5,1035966
tt0120587,6.5,146339
tt0120591,6.7,396186
tt0120595,5.7,31641
tt0120598,3.1,3157
tt0120601,7.7,312869
tt0120603,6.0,7063
tt0120609,6.1,28531
tt0120611,7.1,245434
tt0120613,6.6,7958
tt0120618,4.6,7565
tt0120620,6.5,21585
tt0120623,7.2,266840
tt0120630,7.0,177273
tt0120631,7.0,69591
tt0120632,6.7,113747
tt0120633,6.6,27504
tt0120645,4.1,2698
tt0120646,6.4,13114
tt0120647,6.2,164725
tt0120654,6.5,23660
tt0120655,7.3,207792
tt0120657,6.6,116400
tt0120660,7.3,227303
tt0120662,5.1,14616
tt0120663,7.4,303946
tt0120669,7.6,259983
tt0120679,7.4,81495
tt0120681,6.8,146998
tt0120684,7.3,29295
tt0120686,6.8,61074
tt0120689,8.6,1149909
tt0120693,6.7,57987
tt0120696,5.9,32145
tt0120701,4.9,19027
tt0120703,5.7,6882
tt0120709,6.1,1559
tt0120710,5.5,12268
tt0120716,6.6,15060
tt0120722,6.5,4538
tt0120724,4.9,13921
tt0120735,8.2,535926
tt0120737,8.8,1663992
tt0120738,5.2,69412
tt0120744,6.5,156880
tt0120746,6.7,169247
tt0120749,6.2,68685
tt0120751,5.6,27690
tt0120755,6.1,315072
tt0120762,7.6,257289
tt0120764,5.1,12838
tt0120768,7.3,130682
tt0120769,6.1,10337
tt0120770,6.3,57056
tt0120772,6.0,18804
tt0120775,6.1,1075
tt0120776,7.0,11344
tt0120780,7.0,86169
tt0120784,7.1,131574
tt0120791,6.3,72830
tt0120794,7.1,118843
tt0120797,6.0,28287
tt0120800,6.3,15117
tt0120802,7.6,31671
tt0120804,6.7,247776
tt0120813,5.9,3192
tt0120815,8.6,1237800
tt0120824,6.7,31875
tt0120828,5.8,72799
tt0120831,6.6,12038
tt0120832,6.0,75686
tt0120834,6.7,13651
tt0120844,6.4,70788
tt0120857,6.9,11193
tt0120863,7.6,172933
tt0120877,6.2,53512
tt0120878,5.0,1694
tt0120879,7.0,33801
tt0120885,7.2,78958
tt0120889,7.1,102358
tt0120890,6.5,108819
tt0120891,5.0,153225
tt0120902,7.1,101187
tt0120903,7.4,571176
tt0120906,6.9,13828
tt0120907,6.8,93945
tt0120910,7.2,35233
tt0120912,6.2,343991
tt0120913,6.6,58631
tt0120915,6.5,732733
tt0120917,7.4,180804
tt0121164,7.3,245638
tt0121765,6.5,643843
tt0121766,7.5,713398
tt0122151,6.7,153569
tt0122459,6.9,19644
tt0122541,6.8,15149
tt0122690,7.3,172491
tt0122718,6.2,91706
tt0122906,6.0,887
tt0122933,6.7,145868
tt0123755,7.2,212761
tt0124137,5.5,417
tt0124179,5.5,6792
tt0124198,6.4,45001
tt0124298,6.6,59579
tt0124718,6.9,44464
tt0124819,6.2,34711
tt0124879,6.9,20481
tt0125022,6.2,51643
tt0125439,7.1,275983
tt0125664,7.4,124247
tt0125971,6.4,8484
tt0126029,7.8,614634
tt0126261,6.2,2181
tt0126859,5.4,3062
tt0126886,7.2,90229
tt0126916,6.6,31898
tt0126938,6.5,959
tt0127302,6.1,428
tt0127536,7.4,93200
tt0127723,6.5,46011
tt0128214,5.3,312
tt0128278,6.6,31842
tt0128442,7.3,142348
tt0128445,7.7,169420
tt0128853,6.7,195347
tt0129167,8.0,172320
tt0129280,5.5,13063
tt0129290,6.8,105485
tt0129332,7.0,36680
tt0129387,7.1,290993
tt0129923,6.5,1284
tt0130018,4.7,68830
tt0130121,5.9,35300
tt0130623,6.5,53545
tt0131325,6.4,66460
tt0131369,6.1,41611
tt0131436,4.1,2054
tt0131646,4.3,16099
tt0131704,4.2,19352
tt0132245,4.6,39355
tt0132347,6.1,61837
tt0132512,6.0,13008
tt0133093,8.7,1679160
tt0133117,6.3,143
tt0133152,5.7,210442
tt0133240,7.2,103014
tt0133751,6.5,111082
tt0133952,6.4,68506
tt0134067,5.9,18139
tt0134084,5.6,124102
tt0134119,7.4,182456
tt0134154,6.7,12989
tt0134273,6.5,124233
tt0134618,6.7,25552
tt0134619,5.7,20999
tt0134630,6.1,9128
tt0134847,7.1,225521
tt0134983,4.9,17069
tt0137338,6.0,14671
tt0137363,7.2,81686
tt0137494,6.3,107834
tt0137523,8.8,1857759
tt0138097,7.1,214162
tt0138304,5.4,52966
tt0138510,6.2,39894
tt0138524,6.2,91739
tt0138704,7.4,169976
tt0138749,6.9,84739
tt0138862,5.2,399
tt0138946,6.4,20001
tt0138987,5.4,1656
tt0139134,6.8,179434
tt0139239,7.2,67011
tt0139414,5.7,55122
tt0139462,6.3,35827
tt0139615,7.1,2222
tt0139654,7.7,391041
tt0139699,6.5,41783
tt0139809,7.1,67194
tt0140340,7.3,1879
tt0140352,7.8,160115
tt0140397,6.8,8868
tt0141369,4.2,45458
tt0141907,4.5,4657
tt0141926,6.6,77692
tt0142192,6.1,17440
tt0142201,6.2,6666
tt0142342,6.4,200258
tt0142688,6.7,167804
tt0143145,6.4,188627
tt0143746,5.8,2715
tt0144084,7.6,491506
tt0144117,7.8,227285
tt0144120,5.4,52427
tt0144168,6.1,18580
tt0144178,6.5,777
tt0144214,6.4,53692
tt0144528,4.4,48335
tt0144640,6.0,18322
tt0144814,4.7,15566
tt0144964,4.6,19397
tt0145487,7.3,688647
tt0145531,6.2,64507
tt0145653,7.3,20563
tt0145660,6.6,216819
tt0145681,6.7,155004
tt0145893,5.3,13298
tt0146309,7.3,54090
tt0146316,5.8,198036
tt0146336,5.6,60428
tt0146675,5.8,105485
tt0146838,6.9,112256
tt0146882,7.5,168326
tt0146984,6.7,53620
tt0147004,6.9,15735
tt0147612,7.7,66457
tt0147800,7.3,298090
tt0149261,5.9,125285
tt0149624,5.8,12944
tt0149691,6.2,16935
tt0149964,6.6,586
tt0150216,6.8,8784
tt0150377,6.5,75311
tt0151568,7.3,11738
tt0151804,7.7,241834
tt0155197,5.8,1564
tt0155267,6.8,86926
tt0155711,6.5,17767
tt0155776,5.7,24330
tt0156323,5.8,8529
tt0156639,6.2,2323
tt0156812,7.0,19317
tt0156841,4.7,10757
tt0156934,5.3,20015
tt0157472,5.2,13451
tt0157503,6.6,32560
tt0158583,6.4,2569
tt0158622,3.7,21730
tt0158811,6.3,18102
tt0158983,7.7,192204
tt0159097,7.2,144368
tt0159273,6.4,98659
tt0159365,7.2,140046
tt0159421,5.8,2945
tt0160009,5.7,28705
tt0160127,5.5,176397
tt0160184,5.4,24466
tt0160216,6.3,867
tt0160236,3.9,9903
tt0160298,5.4,1183
tt0160399,6.2,22597
tt0160401,6.3,5843
tt0160484,4.9,10388
tt0160862,5.9,84689
tt0160916,6.0,21700
tt0161023,6.7,3246
tt0161081,6.6,117958
tt0161083,5.5,15079
tt0161100,7.1,8482
tt0161743,6.6,373
tt0162222,7.8,525036
tt0162236,6.7,1409
tt0162346,7.3,113156
tt0162348,7.7,2663
tt0162360,6.3,9538
tt0162650,5.9,73484
tt0162677,6.7,36132
tt0162830,7.1,3678
tt0162983,4.9,11849
tt0163025,5.9,296215
tt0163187,5.6,93032
tt0163579,5.3,9249
tt0163651,7.0,376607
tt0163676,4.8,4264
tt0163978,6.7,223484
tt0163983,5.1,13887
tt0163988,6.8,63962
tt0164003,6.0,5017
tt0164052,5.8,123800
tt0164085,6.9,5741
tt0164108,5.7,10439
tt0164114,5.8,18163
tt0164181,7.0,75486
tt0164184,6.4,104467
tt0164334,6.4,77480
tt0164912,5.9,125970
tt0165361,6.2,6121
tt0165710,6.9,35364
tt0165773,7.0,7498
tt0165798,7.5,84676
tt0165831,5.3,3488
tt0165854,7.0,30207
tt0165929,6.1,66845
tt0165982,6.7,49460
tt0166175,6.9,17140
tt0166195,5.1,7276
tt0166276,4.8,16757
tt0166396,7.3,25138
tt0166485,6.7,35721
tt0166813,7.2,65654
tt0166896,8.0,82161
tt0166924,7.9,322650
tt0167190,6.8,306472
tt0167203,5.7,4361
tt0167260,8.9,1645073
tt0167261,8.7,1487738
tt0167404,8.1,912553
tt0167427,5.2,18006
tt0167456,4.3,13121
tt0168192,3.7,254
tt0168446,7.1,3074
tt0168501,6.8,9328
tt0168629,8.0,102409
tt0168786,7.3,33051
tt0169547,8.3,1071064
tt0170016,6.2,216024
tt0171356,5.7,6925
tt0171363,5.0,71789
tt0171433,6.3,49828
tt0171580,6.1,32917
tt0171804,7.5,92409
tt0172156,6.6,232010
tt0172396,7.1,21315
tt0172493,7.3,164778
tt0172495,8.5,1343390
tt0172726,6.1,3494
tt0173390,6.1,809
tt0173716,6.3,13586
tt0173840,6.4,79935
tt0174336,4.5,3941
tt0174480,5.7,25040
tt0174856,7.6,91674
tt0175880,8.0,290085
tt0176269,4.2,27796
tt0176783,5.9,14434
tt0177789,7.3,149960
tt0177971,6.4,156463
tt0179098,6.6,13496
tt0179116,6.7,26854
tt0179626,6.1,48468
tt0180052,3.8,24553
tt0180073,7.3,51643
tt0180093,8.3,768048
tt0180734,6.4,28286
tt0181151,5.6,9050
tt0181316,6.3,75424
tt0181536,7.3,83092
tt0181689,7.6,508931
tt0181739,6.3,32392
tt0181836,5.8,2173
tt0181852,6.3,377712
tt0181865,7.6,195912
tt0181875,7.9,252941
tt0181984,7.0,49445
tt0182000,5.8,6315
tt0182508,6.8,2910
tt0182789,6.9,110461
tt0183505,6.6,222525
tt0183523,5.7,70330
tt0183649,7.0,250997
tt0183659,7.0,26914
tt0183790,6.9,171898
tt0184791,6.1,19196
tt0184858,5.8,37663
tt0184894,6.6,119317
tt0184907,5.1,11649
tt0185014,7.2,61298
tt0185183,2.5,76080
tt0185371,5.7,53471
tt0185431,5.3,99040
tt0185937,6.5,232809
tt0186045,5.7,13463
tt0186151,7.3,101376
tt0186253,6.9,6870
tt0186566,6.4,73589
tt0186719,4.6,133
tt0186975,5.0,14386
tt0187078,6.5,260746
tt0187393,7.2,254787
tt0187738,6.7,200123
tt0187819,5.0,2980
tt0188453,6.1,24483
tt0188674,7.1,23204
tt0188863,5.8,4947
tt0189192,5.8,18297
tt0189998,6.9,40076
tt0190138,6.7,110204
tt0190255,6.4,505
tt0190590,7.7,287359
tt0190865,5.9,58654
tt0191397,6.6,58407
tt0191636,7.1,5301
tt0191754,6.1,45226
tt0192071,5.7,17942
tt0192111,5.5,13856
tt0192255,5.7,9689
tt0192614,5.7,30968
tt0192731,4.3,16166
tt0193560,5.2,5436
tt0195685,7.3,175254
tt0195714,6.7,229985
tt0195778,5.2,8261
tt0195945,6.2,36890
tt0196216,6.7,36972
tt0196229,6.5,246526
tt0196857,5.5,11443
tt0198021,6.8,31748
tt0198386,5.7,4470
tt0198781,8.1,816697
tt0199290,4.8,3190
tt0199626,5.3,21904
tt0199725,7.2,18736
tt0199753,5.7,55435
tt0200027,6.5,26736
tt0200465,7.2,173365
tt0200469,4.0,9751
tt0200530,6.5,5256
tt0200550,5.7,106589
tt0200720,7.0,7098
tt0202402,5.5,9946
tt0202470,6.3,40951
tt0202559,7.6,5444
tt0202677,6.7,31813
tt0203009,7.6,266832
tt0203019,7.2,107184
tt0203119,7.3,55620
tt0203230,7.5,28188
tt0203289,6.6,1579
tt0203408,3.6,5039
tt0204175,5.4,16017
tt0204313,5.2,33517
tt0204626,5.3,25879
tt0204946,6.0,87642
tt0205000,5.7,70956
tt0205461,4.1,3760
tt0206113,6.3,1257
tt0206226,6.2,5532
tt0206275,6.2,57544
tt0206314,6.6,64231
tt0206420,5.3,9954
tt0206634,7.9,465536
tt0207201,6.4,191833
tt0208003,5.2,80957
tt0208092,8.3,783054
tt0208874,6.9,22935
tt0208988,5.2,32658
tt0209144,8.4,1127262
tt0209163,6.4,300930
tt0209475,5.3,76442
tt0209958,6.4,95495
tt0210217,6.4,804
tt0210299,7.2,3245
tt0210616,6.7,19041
tt0210945,7.8,198373
tt0211181,4.9,34831
tt0211443,4.4,50804
tt0211465,6.1,22837
tt0211933,6.5,72531
tt0212338,7.0,311411
tt0212346,6.3,188341
tt0212720,7.2,290487
tt0212974,6.6,4050
tt0213149,6.2,311812
tt0213790,5.2,12494
tt0213985,6.9,2467
tt0215129,6.4,158207
tt0215545,6.5,10512
tt0215750,7.6,244020
tt0216216,5.9,116593
tt0217505,7.5,406466
tt0217630,5.3,26575
tt0217756,5.4,13568
tt0217869,7.3,387531
tt0217894,7.1,598
tt0218043,7.6,8542
tt0218182,6.3,1593
tt0218378,6.4,5996
tt0218619,3.9,8366
tt0218817,6.1,28449
tt0218839,7.5,56130
tt0218922,6.1,53783
tt0218967,6.8,104118
tt0219653,4.9,32111
tt0219854,6.1,40250
tt0219952,5.0,9874
tt0219965,6.5,65444
tt0220099,6.3,17271
tt0220506,4.0,37922
tt0221027,7.6,240936
tt0221218,5.8,33475
tt0221809,7.6,432
tt0222850,6.9,7142
tt0223897,7.2,112817
tt0225071,5.6,22546
tt0227005,6.4,17358
tt0227445,6.8,121252
tt0227538,5.5,108835
tt0227984,6.3,47685
tt0228277,6.2,647
tt0228333,4.9,51170
tt0228750,6.2,54890
tt0229260,4.0,35865
tt0229340,7.3,4882
tt0230011,6.9,104836
tt0230030,6.0,96913
tt0230600,7.6,338043
tt0230838,6.7,85962
tt0231402,4.8,23506
tt0231448,5.7,7003
tt0231775,5.5,21593
tt0232500,6.8,348386
tt0233142,6.0,43873
tt0233469,5.5,71967
tt0233699,5.4,499
tt0234215,7.2,516542
tt0234354,5.8,10661
tt0234829,5.1,15123
tt0235737,7.1,29555
tt0236348,5.4,21728
tt0236388,6.9,5374
tt0236493,6.1,103264
tt0236784,6.1,27965
tt0237572,6.8,53889
tt0238112,5.9,32945
tt0238380,7.4,311794
tt0238546,5.3,52356
tt0238924,7.0,13195
tt0238948,5.5,8026
tt0239395,5.1,56651
tt0239948,5.9,38689
tt0239949,5.0,12611
tt0240200,7.7,14322
tt0240462,4.7,41842
tt0240468,6.2,43457
tt0240510,6.5,32643
tt0240515,4.6,46175
tt0240772,7.7,517077
tt0240890,6.9,103991
tt0240900,5.4,13756
tt0241025,6.2,21160
tt0241303,7.2,177939
tt0241527,7.6,659509
tt0241760,5.9,33739
tt0242193,6.9,34642
tt0242423,5.5,134510
tt0242445,5.6,32025
tt0242508,4.9,4202
tt0242587,7.1,9541
tt0242653,6.8,448726
tt0242998,4.9,25564
tt0243155,6.7,226560
tt0243415,5.3,504
tt0243585,5.5,50454
tt0243736,5.6,70649
tt0244000,6.0,13937
tt0244094,6.3,777
tt0244244,6.5,176251
tt0244970,6.1,23527
tt0245120,5.3,8330
tt0245280,7.5,2157
tt0245562,6.1,65487
tt0245674,5.6,79831
tt0245686,6.0,51461
tt0245803,5.5,47671
tt0245844,7.8,129143
tt0246134,6.1,2129
tt0246460,6.1,205325
tt0246464,6.5,19686
tt0246544,4.9,14029
tt0246578,8.0,740845
tt0246894,3.1,25787
tt0246989,5.4,17483
tt0247199,7.2,36686
tt0247425,7.4,37433
tt0247444,4.7,6329
tt0247638,6.3,128738
tt0247745,7.1,96077
tt0248667,6.8,93752
tt0248845,7.7,31984
tt0249462,7.7,126917
tt0249478,5.6,24435
tt0249516,1.5,9391
tt0249588,2.7,377
tt0250224,6.5,23783
tt0250274,6.5,4285
tt0250310,4.7,12495
tt0250371,6.4,4092
tt0250494,6.3,186149
tt0250687,6.4,108915
tt0250720,5.4,8716
tt0250797,6.7,80519
tt0251114,6.3,50798
tt0251127,6.4,211773
tt0251160,7.1,124219
tt0251736,6.1,78316
tt0252076,5.3,84251
tt0252223,4.8,2453
tt0252299,6.8,23520
tt0252444,7.4,27446
tt0252501,6.9,36735
tt0252866,6.4,240274
tt0253126,6.2,3326
tt0253200,6.9,5549
tt0253474,8.5,731009
tt0253556,6.2,126515
tt0253754,6.4,74089
tt0253798,6.4,16763
tt0253867,5.2,54987
tt0255798,4.8,57177
tt0255819,6.4,13037
tt0256380,5.9,127308
tt0256415,6.2,102652
tt0256524,6.7,37790
tt0257044,7.7,247135
tt0257076,6.0,138081
tt0257106,5.3,149807
tt0257360,7.1,122502
tt0257516,5.0,30546
tt0257568,4.4,29764
tt0257756,6.4,39231
tt0258000,6.8,259409
tt0258038,5.3,13415
tt0258068,7.0,27209
tt0258273,6.7,6895
tt0258463,7.9,509271
tt0258470,5.6,30176
tt0259288,6.1,36713
tt0259324,5.2,223676
tt0259446,6.6,119894
tt0259711,6.9,249098
tt0259974,6.1,6872
tt0260866,6.3,48892
tt0261289,5.4,16757
tt0261392,6.8,148521
tt0261983,6.4,54997
tt0262432,7.3,7808
tt0263488,6.2,111374
tt0263728,4.0,2594
tt0263734,5.7,4250
tt0264395,6.5,59395
tt0264464,8.1,834857
tt0264472,6.5,67030
tt0264616,7.2,77292
tt0264761,6.4,15882
tt0264796,7.5,42875
tt0264935,6.2,53273
tt0265029,5.7,54584
tt0265086,7.7,364619
tt0265087,4.9,38191
tt0265208,6.7,201882
tt0265298,5.4,35142
tt0265349,6.4,76139
tt0265459,6.8,114806
tt0265632,6.6,9504
tt0265651,6.6,17315
tt0265662,6.9,32413
tt0265666,7.6,267170
tt0265808,5.2,12536
tt0266452,6.4,38750
tt0266465,6.1,45157
tt0266489,5.9,55441
tt0266543,8.1,950795
tt0266697,8.1,1002114
tt0266747,2.9,5052
tt0266915,6.6,199967
tt0266971,6.0,2295
tt0266987,7.1,145690
tt0267248,4.9,9208
tt0267626,6.7,59716
tt0267804,5.9,88559
tt0267913,5.1,99826
tt0268126,7.7,178767
tt0268200,6.8,1376
tt0268380,7.5,442772
tt0268397,6.0,30857
tt0268690,7.0,9421
tt0268695,6.0,118555
tt0268978,8.2,850303
tt0268995,6.9,52469
tt0269095,6.1,24199
tt0269341,6.2,6329
tt0269347,6.1,43742
tt0270259,6.3,3579
tt0270288,7.0,83796
tt0270846,1.9,29729
tt0270980,4.7,28233
tt0271020,5.2,532
tt0271027,6.6,60902
tt0271219,6.1,5723
tt0271259,6.4,14232
tt0271367,5.4,52715
tt0272020,7.0,72093
tt0272152,7.4,175213
tt0272207,7.1,38363
tt0272338,7.3,148010
tt0273435,6.2,14030
tt0273517,5.5,18825
tt0273799,5.4,7515
tt0273982,6.9,9632
tt0274166,6.2,148761
tt0274558,7.5,124623
tt0274711,5.5,10982
tt0274812,7.0,83515
tt0275022,3.5,38380
tt0275309,7.7,12303
tt0275847,7.2,168864
tt0276033,4.2,5121
tt0276751,7.0,172945
tt0277027,7.7,143001
tt0277296,5.5,130562
tt0277371,5.7,97811
tt0277434,7.2,130345
tt0278295,5.9,12679
tt0278435,5.8,39914
tt0278488,6.3,53642
tt0278500,6.8,22172
tt0278504,7.2,275585
tt0278731,6.8,35700
tt0278823,6.6,25847
tt0279064,7.5,14065
tt0279111,6.4,15374
tt0279113,6.3,43145
tt0279286,4.2,3959
tt0279331,6.6,20562
tt0279493,5.8,33424
tt0279778,6.1,18114
tt0279781,5.5,13785
tt0279889,5.5,9992
tt0280030,5.8,18552
tt0280460,5.6,14483
tt0280477,7.0,9100
tt0280486,5.6,44811
tt0280491,7.6,23402
tt0280590,5.8,136470
tt0280665,6.2,33831
tt0280707,7.2,80524
tt0280720,5.3,14792
tt0280760,6.9,32028
tt0280778,7.0,17205
tt0281322,6.2,29044
tt0281358,7.4,199494
tt0281373,5.2,25382
tt0281686,7.0,45710
tt0281820,6.5,10038
tt0282120,5.6,14013
tt0282209,5.0,30200
tt0282687,5.8,23185
tt0283003,6.8,36869
tt0283026,5.1,19080
tt0283084,6.6,21148
tt0283111,6.4,103508
tt0283139,7.1,29687
tt0283160,4.5,5333
tt0283323,6.6,147
tt0283426,5.4,15082
tt0283503,6.3,5498
tt0283530,6.9,16537
tt0283632,4.8,12328
tt0284978,6.8,30083
tt0285462,4.9,30320
tt0285531,5.5,88837
tt0285742,7.0,82640
tt0285823,6.4,153820
tt0285861,7.1,12665
tt0286106,6.7,337234
tt0286162,6.5,2631
tt0286179,6.7,3865
tt0286261,7.5,9974
tt0286499,6.6,104418
tt0286716,5.6,251976
tt0286788,5.8,59583
tt0287717,5.2,60956
tt0288045,5.3,39228
tt0288477,5.5,94012
tt0289043,7.6,377243
tt0289765,7.2,252710
tt0289848,5.9,82348
tt0289879,7.6,451915
tt0289992,7.6,109999
tt0290002,6.3,253146
tt0290095,5.4,79349
tt0290145,6.5,3379
tt0290212,4.6,9443
tt0290332,4.8,6642
tt0290334,7.4,512099
tt0291341,6.5,35904
tt0291502,3.6,15778
tt0292644,6.7,49473
tt0293113,6.8,1885
tt0293508,7.2,116355
tt0293564,6.2,153537
tt0293662,6.8,285047
tt0293815,5.8,25657
tt0294357,6.5,26149
tt0294870,6.9,48776
tt0295178,6.2,195752
tt0295254,3.4,20261
tt0295289,5.6,16631
tt0295297,7.4,555720
tt0295427,3.4,22410
tt0295700,6.1,109318
tt0295701,5.9,173228
tt0295725,5.2,2281
tt0296166,6.8,7069
tt0296572,6.7,214638
tt0297037,6.6,8493
tt0297162,4.7,14674
tt0297181,5.4,49262
tt0297284,6.4,58009
tt0297884,7.3,43964
tt0298050,6.7,541
tt0298148,7.2,420326
tt0298203,7.1,250073
tt0298228,7.5,39483
tt0298388,6.5,3889
tt0298482,6.2,5766
tt0298744,6.6,13221
tt0298814,5.5,93686
tt0299172,5.4,20593
tt0299458,6.8,10276
tt0299658,7.2,216144
tt0299863,5.2,207
tt0299930,2.5,45997
tt0300051,6.2,63408
tt0300214,6.8,9289
tt0300471,6.2,100276
tt0300532,5.7,30092
tt0300556,5.7,60350
tt0301199,7.3,40721
tt0301390,6.6,2292
tt0301470,5.6,58501
tt0302674,6.1,17899
tt0302886,7.1,215622
tt0303313,6.5,496
tt0303361,6.6,33215
tt0303714,6.3,29600
tt0303933,5.9,33033
tt0304141,7.9,553411
tt0304415,6.5,77548
tt0304669,5.6,51718
tt0304692,4.3,354
tt0304711,5.2,16935
tt0305206,7.4,47712
tt0305357,4.9,121083
tt0305396,5.4,6366
tt0305669,5.6,34966
tt0305711,5.5,67603
tt0306047,5.5,137652
tt0306069,6.4,1339
tt0306685,5.8,41256
tt0306841,5.5,35855
tt0306892,5.7,3710
tt0307109,7.0,4670
tt0307453,6.0,167166
tt0307901,7.6,169823
tt0307987,7.0,135727
tt0308055,7.0,41037
tt0308208,3.7,19207
tt0308353,4.5,10104
tt0308411,6.5,1754
tt0308506,5.3,19022
tt0308644,7.6,198804
tt0309377,6.4,42127
tt0309593,6.2,152443
tt0309698,7.3,227597
tt0309912,7.1,11700
tt0310281,7.2,26118
tt0310357,6.1,17519
tt0310793,7.9,139779
tt0310910,6.7,33238
tt0311113,7.4,202918
tt0311289,7.0,77855
tt0311429,5.8,168156
tt0311648,7.0,20229
tt0312004,7.4,125712
tt0312329,5.3,6792
tt0312528,4.0,52480
tt0312549,6.9,19174
tt0313300,6.3,1492
tt0313443,6.5,57077
tt0313737,6.1,107671
tt0313792,6.3,29737
tt0313911,5.1,32994
tt0314166,6.0,6562
tt0314331,7.6,437244
tt0314353,6.6,112769
tt0314412,7.5,24184
tt0314676,5.5,8182
tt0315327,6.8,371988
tt0315733,7.6,224738
tt0315824,4.9,17674
tt0315983,7.5,65263
tt0316188,7.2,5251
tt0316356,7.4,66802
tt0316465,6.9,38161
tt0316654,7.3,544651
tt0317132,6.3,10520
tt0317198,6.0,106713
tt0317219,7.1,369499
tt0317303,5.6,63858
tt0317640,6.1,4637
tt0317648,6.7,77352
tt0317705,8.0,657866
tt0317740,7.0,342786
tt0317919,6.9,330739
tt0318081,4.3,18866
tt0318155,5.7,33267
tt0318283,5.6,12943
tt0318374,6.9,32533
tt0318627,6.2,186319
tt0318649,6.0,92357
tt0318761,6.6,20605
tt0318974,6.0,19661
tt0319061,8.0,415628
tt0319262,6.4,415778
tt0319343,7.0,231540
tt0319524,5.6,9189
tt0319829,5.4,4443
tt0320244,6.3,15112
tt0320661,7.2,267336
tt0320691,7.0,253071
tt0322259,5.9,251511
tt0322330,6.2,125510
tt0322589,5.4,43329
tt0322659,6.3,5257
tt0322700,5.3,1780
tt0322802,6.6,81552
tt0323033,5.9,22227
tt0323120,6.3,11940
tt0323572,4.8,3905
tt0323939,6.3,12136
tt0323944,7.1,33400
tt0324127,5.8,18970
tt0324133,6.7,42650
tt0324554,7.0,52839
tt0325258,5.6,13669
tt0325537,5.5,18160
tt0325596,6.1,10384
tt0325703,5.6,130191
tt0325710,7.7,400481
tt0325980,8.0,1015959
tt0326806,5.2,680
tt0326856,4.8,29866
tt0326900,5.1,4065
tt0326905,6.7,21203
tt0327036,5.5,1630
tt0327056,7.9,419893
tt0327084,6.7,160029
tt0327137,7.5,52524
tt0327162,5.3,61110
tt0327247,5.5,54132
tt0327437,5.9,85150
tt0327554,3.4,111091
tt0327597,7.7,198006
tt0327679,6.3,62032
tt0327753,6.5,2516
tt0327850,6.7,101205
tt0328099,5.2,18570
tt0328107,7.7,330006
tt0328538,6.8,79577
tt0328589,6.8,47727
tt0328828,6.3,194808
tt0329028,3.4,37438
tt0329101,5.7,110980
tt0329575,7.3,66975
tt0329691,4.1,27079
tt0329717,5.3,35896
tt0329774,4.5,67321
tt0330099,5.0,13781
tt0330373,7.7,549508
tt0330602,6.7,6327
tt0330793,6.4,149701
tt0331632,5.1,50192
tt0331811,7.2,44929
tt0331933,5.4,22866
tt0331953,5.7,28376
tt0332047,6.2,42437
tt0332280,7.8,521015
tt0332375,6.7,44598
tt0332379,7.1,269422
tt0332452,7.3,489274
tt0332712,4.6,3484
tt0333766,7.4,206717
tt0333780,4.8,61552
tt0335119,6.9,72408
tt0335121,4.8,24855
tt0335245,6.2,99309
tt0335266,7.7,415747
tt0335345,7.2,215201
tt0335438,6.1,138452
tt0335559,5.6,26722
tt0335563,6.6,21295
tt0337563,6.2,167588
tt0337579,5.7,14221
tt0337692,6.1,39914
tt0337697,5.9,37643
tt0337711,5.6,7707
tt0337741,6.7,112092
tt0337876,6.1,34758
tt0337917,5.2,9645
tt0337921,6.5,93389
tt0337978,7.1,389773
tt0337996,6.7,834
tt0338013,8.3,912902
tt0338075,6.0,3361
tt0338094,5.0,43099
tt0338216,5.9,20064
tt0338325,5.8,14580
tt0338337,6.3,103571
tt0338348,6.6,180730
tt0338427,6.3,23314
tt0338459,4.3,55262
tt0338466,5.7,51142
tt0338497,5.1,675
tt0338512,7.1,14497
tt0338751,7.5,334851
tt0339034,2.1,24738
tt0339412,5.5,13805
tt0339419,7.1,4244
tt0339921,5.7,100
tt0340012,7.0,11992
tt0340163,6.6,106810
tt0340376,6.2,4903
tt0340377,7.6,67416
tt0340855,7.3,136640
tt0341540,6.1,764
tt0342258,7.0,98638
tt0342272,6.6,9860
tt0343121,7.9,8987
tt0343135,6.0,126254
tt0343660,6.8,327443
tt0343818,7.1,499409
tt0343996,6.6,9185
tt0344854,6.0,33251
tt0345061,6.2,19968
tt0345074,6.3,7927
tt0345551,7.0,16982
tt0345950,7.1,79391
tt0346156,6.0,81602
tt0346491,5.6,162480
tt0348150,6.0,271068
tt0348333,6.8,90179
tt0348836,5.8,106453
tt0349159,3.0,467
tt0349169,5.7,5840
tt0349205,5.9,94016
tt0349416,6.6,8553
tt0349710,6.5,54771
tt0349825,7.5,48205
tt0349903,6.5,359569
tt0350028,6.0,35390
tt0350194,5.8,1587
tt0350258,7.7,138527
tt0350261,7.0,28983
tt0351283,6.9,367498
tt0351977,6.3,70845
tt0352248,8.0,176330
tt0352277,6.6,10876
tt0354595,6.1,3120
tt0355295,5.9,116123
tt0355702,7.1,52075
tt0356150,6.6,195432
tt0356443,5.1,3360
tt0356453,7.0,895
tt0356470,5.9,81014
tt0356634,5.0,79542
tt0356680,6.3,62316
tt0356721,6.6,62337
tt0356910,6.5,450695
tt0357054,5.6,4108
tt0357110,6.6,11071
tt0357277,4.7,87423
tt0357413,7.2,330687
tt0357470,6.0,4210
tt0357507,4.2,29760
tt0357585,4.6,4526
tt0358082,6.3,133069
tt0358135,6.1,43704
tt0358273,7.8,234476
tt0358349,4.6,14091
tt0359013,5.9,166103
tt0359423,6.7,13179
tt0359517,4.5,7244
tt0359950,7.3,293789
tt0360139,6.1,36375
tt0360201,6.3,60069
tt0360323,6.3,6095
tt0360717,7.2,391743
tt0360916,2.8,3705
tt0361089,5.5,21158
tt0361411,6.2,19933
tt0361467,4.7,27501
tt0361500,4.3,2862
tt0361596,7.5,126382
tt0361696,5.9,26827
tt0361715,7.2,7791
tt0361748,8.3,1270331
tt0361841,5.3,17358
tt0361862,7.7,358903
tt0361925,5.2,12157
tt0362120,5.1,113847
tt0362165,2.2,52581
tt0362227,7.4,407549
tt0362269,7.0,47497
tt0362270,7.3,180342
tt0362478,5.6,88967
tt0363095,6.4,2777
tt0363282,5.0,21899
tt0363473,6.7,14458
tt0363547,7.3,234152
tt0363771,6.9,367199
tt0363988,6.6,182517
tt0364725,6.7,229473
tt0364751,5.9,44479
tt0364970,5.6,93238
tt0365485,6.7,43841
tt0365737,6.9,125863
tt0365748,7.9,512817
tt0365885,6.8,21188
tt0365907,6.5,112764
tt0365929,5.5,37361
tt0365957,3.9,25922
tt0366174,4.7,29190
tt0366444,6.5,774
tt0366548,6.4,170259
tt0366551,7.1,182044
tt0366627,7.1,108572
tt0366780,6.8,22320
tt0367027,6.4,32062
tt0367085,4.5,21735
tt0367089,7.3,78827
tt0367479,6.3,44718
tt0367594,6.6,429410
tt0367631,5.3,14843
tt0367652,4.7,48674
tt0367882,6.1,425893
tt0367959,6.2,104005
tt0368008,6.6,104078
tt0368089,5.5,2985
tt0368222,6.2,11528
tt0368447,6.5,242964
tt0368578,4.7,29564
tt0368709,6.4,67423
tt0368794,6.9,56534
tt0368891,6.9,304665
tt0368933,5.8,74313
tt0368975,5.4,15451
tt0369226,2.4,41711
tt0369339,7.5,360671
tt0369436,5.7,66267
tt0369441,6.2,135420
tt0369610,7.0,580002
tt0369735,5.6,56731
tt0370032,4.5,79459
tt0370263,5.6,184904
tt0371246,6.4,79213
tt0371606,5.7,86034
tt0371724,6.8,186821
tt0371746,7.9,940993
tt0372183,7.7,435220
tt0372237,5.9,40463
tt0372334,6.9,8956
tt0372532,6.2,48705
tt0372588,7.2,159606
tt0372784,8.2,1309979
tt0373024,7.1,9398
tt0373051,5.8,113692
tt0373283,6.7,19988
tt0373416,4.3,5439
tt0373445,5.6,5599
tt0373450,6.4,17054
tt0373469,7.5,214970
tt0373889,7.5,512098
tt0373926,6.4,97808
tt0374089,5.9,3699
tt0374102,5.7,51053
tt0374639,6.5,3908
tt0374900,6.9,198240
tt0375063,7.5,179519
tt0375104,6.7,3708
tt0375173,6.2,50823
tt0375210,5.5,47161
tt0375568,6.3,33274
tt0375679,7.7,419778
tt0375912,7.3,166668
tt0375920,6.3,34861
tt0376105,5.2,16047
tt0376196,5.8,3768
tt0376541,7.2,203525
tt0376994,6.7,483020
tt0377043,4.9,376
tt0377062,6.1,51765
tt0377091,7.2,30645
tt0377092,7.0,335553
tt0377109,5.4,91432
tt0377471,5.7,67159
tt0377752,7.7,20944
tt0377818,5.1,75707
tt0377992,7.8,3284
tt0378109,5.9,73633
tt0378194,8.0,684847
tt0378407,6.4,4537
tt0378906,7.4,2100
tt0379557,8.0,33709
tt0379725,7.3,125490
tt0379786,7.8,283486
tt0379865,6.0,31026
tt0379889,7.0,35038
tt0379976,5.8,10746
tt0380277,3.7,2746
tt0380389,6.7,60362
tt0380510,6.7,157801
tt0380599,6.8,31184
tt0380623,5.5,28300
tt0380817,6.3,8171
tt0381061,8.0,582795
tt0381681,8.1,236726
tt0381707,5.6,131317
tt0381717,6.7,3025
tt0381849,7.7,289094
tt0381971,6.5,15532
tt0382077,6.0,81701
tt0382189,6.7,19593
tt0382625,6.6,401566
tt0382628,5.6,59503
tt0382765,6.3,6429
tt0382932,8.0,642623
tt0382992,5.1,51893
tt0383010,5.1,29997
tt0383028,7.6,83294
tt0383060,4.4,18987
tt0383216,5.7,81651
tt0383222,2.9,34174
tt0383574,7.3,655887
tt0383694,7.6,24030
tt0384286,5.8,26015
tt0384488,7.3,5872
tt0384504,7.4,10285
tt0384537,6.5,214020
tt0384642,5.6,36249
tt0384680,6.5,77630
tt0384686,6.6,6166
tt0384806,6.0,105332
tt0385056,6.6,7602
tt0385267,6.4,53573
tt0385307,5.1,69782
tt0385726,7.2,43296
tt0385752,6.1,179505
tt0385880,6.6,101730
tt0385890,3.2,1295
tt0386032,7.9,73646
tt0386117,6.7,100863
tt0386140,6.0,93255
tt0386588,6.6,295982
tt0387131,7.4,132409
tt0387564,7.6,379438
tt0387575,4.8,38952
tt0387808,6.6,145807
tt0387877,5.6,71383
tt0388139,7.3,19310
tt0388183,4.4,3589
tt0388230,5.1,3148
tt0388419,5.4,44573
tt0388482,6.3,191600
tt0388500,5.6,16244
tt0388795,7.7,323519
tt0388838,6.8,4463
tt0388980,7.4,28271
tt0389235,6.9,649
tt0389326,7.9,4361
tt0389722,6.6,165096
tt0389790,6.1,142781
tt0389860,6.4,306242
tt0390323,5.7,167
tt0390384,6.9,98655
tt0390521,7.2,101167
tt0390538,7.1,6393
tt0391198,5.9,138865
tt0391229,6.1,3212
tt0391304,6.6,67258
tt0393049,5.2,116
tt0393162,7.3,128799
tt0393616,5.7,319
tt0393735,4.4,18226
tt0395169,8.1,334681
tt0395251,6.3,41023
tt0395543,6.2,1412
tt0395584,6.8,93392
tt0395699,5.6,88094
tt0395972,7.3,39978
tt0396041,4.1,217
tt0396171,7.5,234912
tt0396592,4.3,11287
tt0396652,6.0,24979
tt0396752,6.5,68120
tt0397044,5.5,17215
tt0397065,5.3,115723
tt0397078,5.4,53812
tt0397101,6.5,106374
tt0397313,7.3,61172
tt0397535,7.4,138212
tt0397892,6.8,190387
tt0398017,6.6,70815
tt0398027,6.4,17872
tt0398165,6.4,162686
tt0398286,7.7,406479
tt0398712,6.3,73385
tt0398808,7.1,143360
tt0398913,4.8,43092
tt0399095,7.4,16830
tt0399146,7.4,224002
tt0399201,6.8,300403
tt0399295,7.6,294371
tt0399327,5.6,24816
tt0399862,6.8,4932
tt0399877,5.3,13229
tt0399901,6.7,886
tt0400497,4.8,45179
tt0400717,6.1,86665
tt0401445,7.0,88615
tt0401729,6.6,255076
tt0401792,8.0,738780
tt0401855,6.7,189877
tt0402022,5.5,124040
tt0402249,6.0,5231
tt0402399,6.7,82959
tt0402901,5.1,35536
tt0403016,4.3,4366
tt0403118,5.1,810
tt0403455,6.1,6659
tt0403508,6.5,54229
tt0403702,6.4,72325
tt0404032,6.7,119910
tt0404203,7.5,105589
tt0404390,7.4,96972
tt0405159,8.1,636773
tt0405296,7.1,106563
tt0405325,6.2,79324
tt0405336,5.4,37162
tt0405422,7.1,396062
tt0405676,6.2,23694
tt0406375,6.2,93680
tt0406650,6.9,18001
tt0406728,4.7,5584
tt0406759,5.4,51591
tt0407121,6.4,6538
tt0407265,7.4,40277
tt0407304,6.5,416383
tt0407887,8.5,1191760
tt0408306,7.5,212676
tt0408345,5.8,56166
tt0408790,6.3,152396
tt0408985,6.5,29165
tt0409182,5.7,98869
tt0409459,7.6,501299
tt0410097,7.3,38619
tt0410297,6.8,140601
tt0410377,6.0,33431
tt0410454,6.8,1022
tt0411061,5.9,74093
tt0411477,7.0,255756
tt0412080,7.8,52019
tt0412366,7.1,1819
tt0413015,7.0,15128
tt0413099,5.4,139379
tt0413267,6.1,281073
tt0413300,6.2,500137
tt0413895,6.3,37369
tt0414055,6.8,67704
tt0414387,7.8,259486
tt0414510,5.7,409
tt0414853,5.6,27963
tt0414951,6.2,15707
tt0414982,5.8,130965
tt0414993,7.2,228420
tt0415306,6.6,167853
tt0415949,5.3,3027
tt0415965,6.8,19887
tt0415978,7.3,35191
tt0416185,6.7,20129
tt0416212,7.3,24488
tt0416236,6.5,88517
tt0416320,7.6,206471
tt0416449,7.6,733462
tt0416508,7.0,58335
tt0417001,5.9,30667
tt0417148,5.4,132255
tt0417225,6.3,5261
tt0417741,7.6,475673
tt0418279,7.0,596405
tt0418647,6.8,12126
tt0418689,7.0,117623
tt0418753,6.7,6495
tt0418763,7.0,175643
tt0418819,6.2,91816
tt0419256,6.8,2954
tt0419294,7.4,38891
tt0419677,7.6,49789
tt0419706,5.2,107612
tt0419749,7.0,32973
tt0419843,6.4,30948
tt0419887,7.6,77404
tt0419946,4.7,32366
tt0420087,6.7,21938
tt0420223,7.5,219197
tt0420238,6.1,35847
tt0420294,5.8,67810
tt0420609,7.0,16283
tt0420723,7.2,142
tt0420835,6.6,932
tt0421054,5.9,64777
tt0421073,6.8,107314
tt0421082,7.7,61664
tt0421206,6.9,57084
tt0421237,2.9,514
tt0421238,7.3,50311
tt0421239,6.4,113137
tt0421715,7.8,590032
tt0421729,4.7,40667
tt0421994,6.8,29925
tt0422093,5.8,13687
tt0422295,6.5,15255
tt0422401,5.7,29007
tt0422720,6.5,101884
tt0422861,5.5,6013
tt0423169,6.6,11421
tt0423294,6.7,69258
tt0423409,6.7,12395
tt0423977,7.0,62961
tt0424095,6.6,113471
tt0424136,7.1,153784
tt0424345,7.3,130035
tt0424774,3.6,33357
tt0424908,6.8,13051
tt0424993,5.5,45130
tt0425027,6.7,4012
tt0425061,6.5,204267
tt0425112,7.8,463982
tt0425123,6.7,99478
tt0425151,6.0,1517
tt0425210,7.7,299677
tt0425413,6.6,65630
tt0425598,7.2,8830
tt0426459,6.3,29711
tt0426592,4.5,63675
tt0426931,7.5,103521
tt0427152,5.9,101267
tt0427229,5.6,74781
tt0427309,7.5,55983
tt0427327,6.6,119865
tt0427392,5.9,74657
tt0427944,7.6,213114
tt0427968,5.7,8410
tt0428303,6.2,613
tt0428609,7.0,67
tt0428959,8.2,532
tt0429573,5.1,24793
tt0429589,5.8,37051
tt0429591,5.3,38040
tt0430105,6.8,134898
tt0430304,4.4,50536
tt0430308,5.4,44128
tt0430431,6.1,6761
tt0430634,6.4,26566
tt0430770,5.0,20517
tt0430912,4.4,37393
tt0430922,6.8,220239
tt0431021,5.9,57057
tt0431197,7.0,117941
tt0431308,7.0,200278
tt0432021,6.3,183596
tt0432283,7.9,200199
tt0432348,6.6,233062
tt0432402,6.5,20713
tt0433035,7.1,298452
tt0433362,6.4,122249
tt0433383,7.4,94191
tt0433386,5.1,47282
tt0433387,6.9,63134
tt0433416,7.5,19428
tt0434215,6.1,7440
tt0434409,8.2,1033953
tt0434424,4.3,2735
tt0435623,7.0,12053
tt0435625,7.2,201743
tt0435651,6.5,112036
tt0435761,8.2,758062
tt0436331,5.7,27678
tt0436339,5.1,42857
tt0436364,6.2,6911
tt0436607,6.7,1284
tt0436613,7.7,9842
tt0436689,6.5,4863
tt0436697,7.3,104325
tt0436724,7.1,3137
tt0436742,4.1,491
tt0437123,7.2,495
tt0437232,6.7,9942
tt0437800,7.3,18554
tt0437863,5.5,48277
tt0437954,4.8,7556
tt0438097,6.8,257192
tt0438205,7.3,3363
tt0438315,7.3,26689
tt0438488,6.5,343884
tt0438859,7.1,11623
tt0439289,6.2,21911
tt0439478,6.4,944
tt0439815,6.5,74641
tt0440963,8.0,605089
tt0441007,6.1,4029
tt0441773,7.5,420417
tt0441796,5.1,30467
tt0442933,6.2,161713
tt0443272,7.3,244957
tt0443274,6.6,144763
tt0443453,7.3,378191
tt0443489,6.5,68901
tt0443496,6.2,11312
tt0443536,6.4,56531
tt0443543,7.6,354996
tt0443632,6.1,47922
tt0443680,7.5,169505
tt0443701,5.9,88649
tt0443706,7.7,467305
tt0444682,5.6,41909
tt0445922,7.3,106140
tt0445934,6.3,158205
tt0446029,7.5,379784
tt0446046,6.6,24801
tt0446055,7.5,998
tt0446687,6.7,10574
tt0446747,6.7,1818
tt0446755,7.5,89118
tt0448011,6.2,220723
tt0448075,5.9,14706
tt0448134,7.2,233640
tt0448157,6.4,445137
tt0448182,5.1,411
tt0448694,6.6,144619
tt0449000,5.5,521
tt0449010,5.1,122001
tt0449059,7.8,440284
tt0449061,6.5,22333
tt0449088,7.1,596133
tt0449467,7.4,289678
tt0450232,6.6,126249
tt0450259,8.0,500081
tt0450278,5.9,169827
tt0450314,5.9,60161
tt0450385,6.8,255653
tt0450405,5.8,43347
tt0452594,5.8,125642
tt0452598,5.5,54839
tt0452608,6.4,197928
tt0452624,6.0,24012
tt0452625,5.6,85813
tt0452637,5.5,94836
tt0452694,7.1,140677
tt0453451,6.4,116117
tt0453453,5.9,7685
tt0453494,5.5,7892
tt0453548,6.8,12313
tt0453556,6.2,61374
tt0453562,7.5,86665
tt0454082,4.6,25087
tt0454431,4.8,1881
tt0454824,6.5,41260
tt0454841,6.4,158743
tt0454848,7.6,340458
tt0454876,7.9,581364
tt0454919,4.8,28038
tt0454921,8.0,449638
tt0454945,6.3,145937
tt0454987,6.0,23516
tt0455326,6.7,13344
tt0455407,6.5,111654
tt0455499,5.0,39151
tt0455538,6.4,67796
tt0455590,7.7,175517
tt0455612,5.3,10596
tt0455782,6.8,24634
tt0455824,6.6,119254
tt0455857,5.1,43260
tt0455944,7.2,334312
tt0456144,8.0,43185
tt0456554,7.0,77538
tt0457308,6.1,2576
tt0457400,5.3,66470
tt0457495,5.1,23577
tt0457510,5.8,81557
tt0457513,6.6,80857
tt0457530,6.5,692
tt0457572,6.7,28164
tt0457939,6.9,252160
tt0458339,6.9,741616
tt0458352,6.9,372141
tt0458481,6.5,152821
tt0458525,6.6,467739
tt0460780,3.8,44430
tt0460989,7.5,46683
tt0461336,5.9,1806
tt0461770,7.0,177004
tt0462200,6.9,61117
tt0462229,4.6,11247
tt0462244,3.1,15725
tt0462322,7.5,178067
tt0462338,6.6,16046
tt0462395,3.3,9725
tt0462396,5.4,34216
tt0462485,6.1,7776
tt0462504,7.3,101181
tt0462519,5.9,28786
tt0462538,7.3,309093
tt0462590,6.5,110807
tt0463034,5.6,78432
tt0463854,7.0,258804
tt0463985,6.0,242604
tt0463990,7.5,721
tt0463998,7.5,70373
tt0464049,6.8,20258
tt0464054,6.6,334
tt0464154,5.4,85934
tt0464196,6.5,36644
tt0465142,5.4,24261
tt0465407,5.7,932
tt0465430,6.1,11931
tt0465494,6.3,160861
tt0465538,7.2,156535
tt0465551,7.4,74602
tt0465624,5.1,61745
tt0466342,2.8,57255
tt0466856,6.1,10678
tt0466893,6.5,16060
tt0467197,5.4,121948
tt0467200,6.7,104670
tt0467406,7.4,491617
tt0468442,7.2,846
tt0468489,7.2,84255
tt0468526,6.8,6560
tt0468569,9.0,2306686
tt0469263,6.3,22103
tt0469494,8.2,518371
tt0469623,7.2,27660
tt0469640,5.8,4218
tt0469641,5.9,77715
tt0469903,7.3,19930
tt0470752,7.7,474848
tt0470765,6.3,13999
tt0470869,3.2,1454
tt0471042,6.2,134247
tt0472033,7.1,133470
tt0472043,7.8,291284
tt0472062,7.0,110680
tt0472181,5.4,83951
tt0472200,5.7,141
tt0472259,6.0,3823
tt0472399,6.6,150978
tt0473024,2.2,8928
tt0473075,6.6,271987
tt0473102,6.9,3340
tt0473107,6.8,4430
tt0473188,5.8,14086
tt0473308,7.0,43636
tt0473700,5.8,2860
tt0473705,7.1,138889
tt0474361,7.3,378
tt0475271,6.7,1347
tt0475276,7.5,98453
tt0475290,6.3,124417
tt0475293,5.4,81085
tt0475331,6.5,1149
tt0475394,6.7,138347
tt0475944,5.3,46874
tt0475998,5.7,2616
tt0477071,5.9,72708
tt0477080,6.8,185137
tt0477139,7.3,53829
tt0477302,6.9,97895
tt0477347,6.4,315007
tt0477348,8.1,858477
tt0478087,6.8,229831
tt0478134,7.1,68957
tt0478304,6.8,168072
tt0478311,6.9,350959
tt0478970,7.3,571326
tt0478988,7.2,7833
tt0479143,7.1,204438
tt0479162,6.9,5372
tt0479341,6.3,3867
tt0479500,5.9,19433
tt0479884,6.9,234415
tt0479952,6.6,206010
tt0479968,4.0,30903
tt0480011,5.6,6693
tt0480025,7.7,115684
tt0480249,7.2,687746
tt0480251,6.5,2148
tt0480255,6.3,91600
tt0480687,5.8,120011
tt0481141,6.3,71002
tt0481369,6.4,193368
tt0481499,7.2,193185
tt0481536,6.6,130848
tt0482461,5.9,3982
tt0482463,7.2,10402
tt0482546,6.9,27854
tt0482571,8.5,1192281
tt0482572,6.6,59090
tt0482599,5.3,32464
tt0482603,4.5,10825
tt0482629,7.3,17888
tt0483607,6.0,73462
tt0483726,6.2,32128
tt0484111,5.8,8230
tt0484740,6.4,22532
tt0485601,7.6,31855
tt0485985,5.9,33520
tt0486028,5.0,4372
tt0486541,7.2,1342
tt0486551,6.3,64119
tt0486576,5.6,250926
tt0486655,7.6,255286
tt0486674,5.6,26555
tt0486822,6.8,221200
tt0486946,5.8,114209
tt0487156,3.8,951
tt0488539,4.1,4721
tt0488604,6.1,27804
tt0488658,5.3,10482
tt0488873,6.7,109
tt0489037,7.6,12134
tt0489099,6.1,286721
tt0489212,6.3,871
tt0489235,6.2,23654
tt0489247,7.3,1429
tt0489270,6.2,178534
tt0489281,6.4,19692
tt0489282,5.3,20972
tt0489664,6.7,30484
tt0490076,5.5,31450
tt0490084,5.7,37369
tt0490087,6.7,256
tt0490166,6.9,8098
tt0490196,3.2,8696
tt0490204,7.4,93108
tt0491109,6.4,3104
tt0491152,5.9,57647
tt0492389,3.8,15786
tt0492506,7.3,3582
tt0492956,6.1,59119
tt0493430,7.0,66622
tt0493464,6.7,360263
tt0493949,6.5,17317
tt0494238,6.1,73607
tt0494652,5.5,13462
tt0496436,5.7,12677
tt0496806,6.9,321800
tt0497116,7.4,80346
tt0497465,7.1,242638
tt0498353,5.5,85524
tt0498380,7.9,154119
tt0498399,6.8,85040
tt0499448,6.5,194726
tt0499549,7.8,1120013
tt0499554,5.9,26229
tt0499556,6.2,85581
tt0756683,7.9,174327
tt0758730,4.7,116216
tt0758752,6.7,181288
tt0758758,8.1,573779
tt0758766,6.5,97578
tt0758774,7.1,213950
tt0758794,7.1,57509
tt0762114,5.3,37995
tt0762121,6.8,10111
tt0762125,6.0,50863
tt0763304,2.8,4625
tt0763831,5.9,40513
tt0765010,7.1,111971
tt0765120,6.6,51965
tt0765128,7.8,9085
tt0765429,7.8,392982
tt0765443,7.6,228019
tt0765446,5.9,24504
tt0765476,5.0,38567
tt0770703,6.1,72664
tt0770752,5.7,73951
tt0770772,5.5,16440
tt0770802,8.5,33467
tt0770810,3.5,4789
tt0770828,7.0,691870
tt0775529,7.1,35855
tt0775539,5.5,21738
tt0775552,5.4,20783
tt0780504,7.8,572391
tt0780511,7.1,58722
tt0780521,7.1,124606
tt0780536,7.9,390734
tt0780567,5.6,13868
tt0780622,5.4,41606
tt0780653,5.8,102724
tt0783233,7.8,251882
tt0783238,6.6,14427
tt0783532,7.3,10340
tt0784972,5.3,10522
tt0785006,5.4,21752
tt0785007,5.2,23805
tt0785025,7.1,1701
tt0785077,2.2,14527
tt0787474,6.8,54397
tt0787475,6.7,77318
tt0790604,5.0,23582
tt0790628,5.9,70841
tt0790636,8.0,442407
tt0790686,6.2,102304
tt0790712,7.1,33928
tt0790724,7.0,309465
tt0790736,5.6,118159
tt0791304,5.9,23909
tt0795351,6.2,79174
tt0795368,7.4,109835
tt0795421,6.4,216436
tt0795434,7.1,20606
tt0795438,6.1,2762
tt0795461,3.5,66025
tt0796314,6.8,3523
tt0796355,4.4,387
tt0796366,7.9,577664
tt0796375,6.5,17863
tt0799934,6.4,88595
tt0799949,2.4,101820
tt0800039,7.1,264465
tt0800069,5.1,60775
tt0800080,6.7,434606
tt0800241,6.7,50820
tt0800308,6.7,58391
tt0800320,5.8,270618
tt0800369,7.0,748207
tt0803061,7.4,16827
tt0803096,6.8,241863
tt0804461,6.8,69018
tt0804497,7.1,135660
tt0804505,6.2,9052
tt0804522,6.8,54171
tt0804529,6.0,6297
tt0805526,6.6,16028
tt0805564,7.3,138192
tt0805570,6.0,60237
tt0806147,3.7,10667
tt0806203,6.0,43700
tt0808151,6.7,273927
tt0808244,6.7,20168
tt0808279,6.6,90802
tt0808285,6.9,4290
tt0808526,6.4,6896
tt0810784,6.9,25270
tt0810900,5.1,55490
tt0810913,3.3,78314
tt0810922,6.3,51258
tt0810928,5.6,1773
tt0811080,6.0,69006
tt0811106,5.0,16282
tt0811138,3.8,50476
tt0814022,5.4,54945
tt0814130,7.2,5852
tt0814255,5.9,177295
tt0814314,7.6,287011
tt0814335,5.6,31721
tt0815178,6.3,13628
tt0815181,7.6,1582
tt0815236,6.4,127185
tt0815241,7.6,57408
tt0815244,6.2,46082
tt0816442,7.6,127485
tt0816539,5.9,6053
tt0816556,6.3,18146
tt0816692,8.6,1515781
tt0816711,7.0,602450
tt0817177,7.7,81535
tt0817230,5.7,113771
tt0817538,5.7,58178
tt0821642,6.7,51529
tt0822832,7.1,147037
tt0822847,5.7,115214
tt0822854,7.2,310857
tt0822858,5.3,6739
tt0824747,7.7,239467
tt0824758,7.0,17878
tt0825232,7.4,230811
tt0825346,4.7,487
tt0825728,3.7,571
tt0826751,3.4,341
tt0829098,6.8,4110
tt0829150,6.3,180063
tt0829459,6.6,26821
tt0829482,7.6,521611
tt0830515,6.6,405896
tt0831887,4.8,59408
tt0832266,7.1,155715
tt0834001,6.6,151310
tt0837562,7.1,224878
tt0838247,5.9,36725
tt0838283,6.9,268516
tt0839938,7.1,3297
tt0839980,5.8,78585
tt0840361,7.5,353461
tt0841046,6.8,67425
tt0841119,8.2,2464
tt0842926,7.0,125832
tt0843358,6.9,1564
tt0843850,6.0,1736
tt0844286,6.8,49005
tt0844471,6.9,205632
tt0844671,4.6,12081
tt0844708,6.5,85825
tt0844993,4.7,12177
tt0846308,6.5,5627
tt0848228,8.0,1262138
tt0848537,6.7,99787
tt0848557,5.6,45868
tt0850667,6.8,2959
tt0850669,5.1,2703
tt0852713,5.5,79410
tt0854678,7.4,14946
tt0857190,6.1,18898
tt0857295,5.2,5822
tt0859163,5.2,151029
tt0861689,6.6,70271
tt0862846,6.8,69572
tt0864761,6.9,78434
tt0864835,6.8,62628
tt0865554,5.0,15989
tt0865556,6.6,101419
tt0865559,5.9,18400
tt0866439,5.9,67901
tt0867270,5.8,77
tt0870111,7.7,103411
tt0870118,7.2,69
tt0871426,6.0,42454
tt0872230,4.8,19566
tt0873886,6.2,62113
tt0875034,5.8,42437
tt0878804,7.6,293708
tt0878835,6.6,10981
tt0879870,5.8,89041
tt0880578,6.2,47568
tt0881320,5.9,53588
tt0881891,4.8,39734
tt0882977,6.4,83243
tt0882978,6.2,6092
tt0884224,5.6,21447
tt0884328,7.1,281462
tt0884726,5.1,5531
tt0887719,3.9,5692
tt0887883,7.0,310297
tt0887912,7.5,421988
tt0889573,6.1,97424
tt0889583,5.8,143804
tt0890870,5.9,140328
tt0891527,6.2,47438
tt0891592,3.7,23004
tt0892318,6.5,92360
tt0892375,8.3,2801
tt0892769,8.1,667719
tt0892782,6.4,147291
tt0892791,6.3,185073
tt0893346,5.6,1532
tt0893382,7.2,11112
tt0896866,7.4,3830
tt0896923,6.3,2877
tt0898367,7.2,223650
tt0899106,5.7,31108
tt0901476,5.5,100547
tt0903131,5.2,500
tt0903624,7.8,758106
tt0906108,5.9,12238
tt0907657,7.8,110746
tt0910936,6.9,316613
tt0910970,8.4,1001336
tt0912593,8.2,8157
tt0913354,5.7,29740
tt0914797,6.8,15183
tt0914798,7.8,191070
tt0918927,7.5,121962
tt0918940,6.2,163620
tt0923600,6.0,4414
tt0923653,2.9,825
tt0925248,8.0,6555
tt0926129,3.9,34099
tt0929632,7.3,105666
tt0935075,7.0,47339
tt0936501,7.8,565226
tt0937237,6.1,10171
tt0937375,6.3,8665
tt0938283,4.0,152815
tt0938305,6.0,6061
tt0938330,5.0,60405
tt0940585,6.6,2971
tt0942385,7.0,377845
tt0942903,7.4,21156
tt0944101,6.4,7772
tt0944835,6.4,295716
tt0945513,7.5,485251
tt0947798,8.0,700425
tt0947802,6.1,48965
tt0947810,6.8,129739
tt0948470,6.9,559401
tt0949731,5.0,195778
tt0951216,5.8,20510
tt0952640,5.2,76968
tt0952682,7.2,9923
tt0954947,6.1,33076
tt0954990,6.7,8188
tt0955308,6.6,253442
tt0959329,5.5,12556
tt0959337,7.3,197339
tt0960144,5.5,191092
tt0960731,6.0,88367
tt0962726,4.8,58138
tt0962736,7.3,57970
tt0963178,6.5,91536
tt0963194,6.6,23634
tt0963794,5.9,70437
tt0963966,6.1,153306
tt0964179,3.9,618
tt0964517,7.8,341061
tt0964539,6.0,31349
tt0964587,5.8,21538
tt0968264,6.9,27770
tt0970179,7.5,305350
tt0970411,6.5,62874
tt0970416,5.5,163587
tt0970866,5.5,106711
tt0971209,6.5,67658
tt0974661,6.4,181400
tt0976025,6.2,156
tt0976051,7.6,230568
tt0976222,6.3,13853
tt0976238,5.4,36353
tt0976247,4.7,8377
tt0977855,6.8,46849
tt0978759,7.1,24568
tt0978764,6.0,230086
tt0979434,5.0,10441
tt0980970,6.3,141982
tt0981072,6.9,13498
tt0981227,6.6,88562
tt0983193,7.3,216817
tt0985694,6.6,190255
tt0985699,7.1,228762
tt0986263,6.3,168892
tt0988045,7.6,583689
tt0988595,6.1,154318
tt0988849,5.1,10570
tt0989757,6.3,139109
tt0990407,5.8,155232
tt0993842,6.8,190369
tt0993846,8.2,1191228
tt0995039,6.7,70053
tt0996382,6.3,238
tt0997143,2.9,913
tt0999913,5.8,32736
tt1001508,6.4,162324
tt1001526,7.2,228925
tt1001562,3.3,6018
tt1002561,4.9,1128
tt1002563,5.6,3196
tt1003034,6.4,6470
tt1007018,5.5,3393
tt1007028,6.5,171994
tt1007029,6.4,103465
tt1010048,8.0,799534
tt1012804,6.7,20329
tt1013743,6.3,180522
tt1013753,7.5,164805
tt1013860,5.1,14671
tt1014759,6.4,384490
tt1014763,6.5,66136
tt1014774,7.1,2177
tt1014775,3.8,22861
tt1014806,6.4,5070
tt1015471,6.2,2017
tt1015474,4.7,6062
tt1016075,5.1,15939
tt1017451,6.5,46403
tt1017460,5.7,93782
tt1018765,6.1,20634
tt1018785,6.2,27086
tt1019452,7.0,134167
tt1020072,7.5,86497
tt1020530,6.8,76956
tt1020558,6.4,78345
tt1020885,5.1,19503
tt1022603,7.7,472697
tt1023111,6.6,95926
tt1023481,6.2,79949
tt1024648,7.7,573173
tt1024715,6.4,31518
tt1024744,5.4,2992
tt1027718,6.2,98450
tt1027862,6.1,17751
tt1028532,8.1,254033
tt1028576,7.2,26575
tt1031969,6.2,36702
tt1032751,6.3,25345
tt1032755,7.3,236161
tt1032815,5.3,33405
tt1033575,7.3,232860
tt1034032,5.8,130099
tt1034302,5.9,4382
tt1034324,6.5,1461
tt1034331,6.0,84825
tt1037705,6.9,293935
tt1038686,5.3,99675
tt1038919,5.6,121414
tt1041804,4.2,3560
tt1041829,6.7,296393
tt1042877,7.0,20166
tt1043726,4.2,52633
tt1045655,3.9,9416
tt1045658,7.7,662570
tt1045772,6.6,91580
tt1045778,4.9,92222
tt1046163,5.9,42591
tt1046173,5.8,199142
tt1046997,6.1,17979
tt1047540,6.0,24856
tt1049405,6.2,5795
tt1049413,8.2,936980
tt1050739,5.2,1316
tt1051904,6.3,81018
tt1053424,6.3,101527
tt1053810,6.2,42127
tt1054588,7.0,16495
tt1054606,6.8,144342
tt1055369,6.0,384205
tt1057500,7.3,149940
tt1058017,6.4,128544
tt1059786,6.6,176225
tt1060277,7.0,373368
tt1065073,7.9,335814
tt1067106,6.8,103861
tt1067583,6.9,111362
tt1067774,5.8,41302
tt1068678,6.4,12177
tt1068680,6.8,336031
tt1070781,5.2,635
tt1071804,6.9,21068
tt1071812,7.3,7417
tt1071875,4.3,111119
tt1073221,3.5,155
tt1073498,2.8,101553
tt1074191,5.9,2113
tt1074638,7.7,631070
tt1074931,4.4,101
tt1075417,5.7,55902
tt1075747,4.7,55445
tt1077368,6.2,247816
tt1078588,7.4,89638
tt1078912,6.0,177842
tt1078940,5.5,101720
tt1079444,6.1,12937
tt1080016,6.9,224430
tt1082868,5.9,70314
tt1082886,7.0,29853
tt1083452,7.4,85813
tt1084950,6.7,47301
tt1085382,6.0,982
tt1085492,4.6,17591
tt1085779,5.7,22438
tt1086772,6.5,120007
tt1086841,4.2,1263
tt1087527,6.6,3135
tt1090671,4.9,3155
tt1091191,7.5,266650
tt1091722,6.8,152245
tt1091751,5.4,3861
tt1092026,7.0,235065
tt1092082,6.4,7980
tt1092633,5.8,20772
tt1093357,4.9,57884
tt1095174,5.6,21764
tt1095217,6.6,74213
tt1095423,5.7,2654
tt1097013,5.8,10205
tt1097643,6.9,10843
tt1098327,2.5,70339
tt1099212,5.2,427326
tt1100119,4.7,6859
tt1103153,5.5,87505
tt1103275,7.0,37912
tt1104001,6.8,313528
tt1104733,6.3,16520
tt1105355,6.8,1103
tt1105512,6.1,1470
tt1106860,6.0,9161
tt1109624,7.2,98740
tt1111422,6.4,186354
tt1111948,6.4,10430
tt1114677,4.5,39782
tt1114740,5.2,103425
tt1116184,7.0,56798
tt1119646,7.7,718157
tt1120985,7.4,184565
tt1121096,5.5,71135
tt1121931,6.2,140699
tt1121977,7.2,11603
tt1124035,7.1,215640
tt1124037,6.9,52658
tt1125849,7.9,289608
tt1125929,5.7,2941
tt1126590,7.0,85972
tt1126591,6.4,78866
tt1126618,6.5,74520
tt1127180,6.5,188156
tt1127896,6.7,28251
tt1128071,4.1,416
tt1129423,6.5,21368
tt1130080,6.4,62965
tt1130087,6.3,447
tt1130884,8.2,1132305
tt1130964,5.6,1481
tt1131729,7.4,107405
tt1131732,4.6,265
tt1131734,5.2,116281
tt1132626,5.8,115297
tt1133985,5.5,267010
tt1134666,3.9,96
tt1134674,5.0,4003
tt1134854,4.9,20343
tt1135084,6.2,58074
tt1135487,6.1,47807
tt1135503,7.0,108345
tt1135985,6.5,83845
tt1136608,7.9,638664
tt1137470,4.1,7838
tt1139328,7.2,156344
tt1139668,4.8,49473
tt1142433,5.3,13694
tt1142800,4.5,11336
tt1142977,6.9,98542
tt1142988,6.4,204966
tt1144884,5.2,97201
tt1147684,5.2,5817
tt1147687,3.7,6412
tt1148165,6.2,1740
tt1148200,4.1,5111
tt1148204,7.0,191393
tt1150947,7.1,2117
tt1151410,5.8,3394
tt1151922,5.0,20708
tt1152398,5.6,75498
tt1152822,6.4,6699
tt1152827,3.9,1639
tt1152836,7.0,282669
tt1152850,7.1,16516
tt1153706,3.5,11771
tt1155056,7.0,194031
tt1155592,7.7,52728
tt1156398,7.6,520527
tt1160368,5.6,27283
tt1161418,6.2,10925
tt1161864,6.0,90998
tt1170358,7.8,602084
tt1171222,5.1,8784
tt1172233,6.9,64018
tt1172570,7.1,120613
tt1172994,6.4,41141
tt1174730,7.4,30612
tt1174732,7.3,128834
tt1175491,6.3,46253
tt1175506,6.7,10718
tt1175709,6.3,52790
tt1176740,7.0,51873
tt1178663,7.1,71081
tt1179034,6.5,112381
tt1179258,6.2,10635
tt1179891,5.4,53681
tt1179904,6.3,220892
tt1179933,7.2,291094
tt1182345,7.9,335459
tt1182350,6.3,43881
tt1183923,7.0,23475
tt1185266,3.6,12655
tt1185344,6.2,1561
tt1185836,7.2,33518
tt1186367,6.3,68319
tt1186830,7.2,66124
tt1187064,6.9,103280
tt1188729,6.7,143673
tt1188996,8.0,98667
tt1189340,7.3,215124
tt1190080,5.8,353663
tt1190617,4.1,9397
tt1191111,7.3,71313
tt1192628,7.2,237197
tt1193138,7.4,318814
tt1193631,6.2,55733
tt1194173,6.6,285459
tt1194263,7.0,22215
tt1194417,6.2,16760
tt1195478,6.2,94218
tt1196141,6.2,42954
tt1197624,7.4,271978
tt1197628,5.8,60893
tt1198101,6.1,12386
tt1201167,6.3,114408
tt1204342,7.1,87575
tt1204975,6.6,128333
tt1204977,4.5,48510
tt1205489,8.1,721264
tt1205537,6.2,123216
tt1206543,6.8,107115
tt1210039,6.6,520
tt1210042,6.7,60917
tt1210071,5.1,1397
tt1210166,7.6,370345
tt1210819,6.4,221674
tt1211890,6.4,1571
tt1211956,6.7,227401
tt1212022,3.4,541
tt1212419,6.4,90388
tt1212436,5.4,48292
tt1213012,5.2,13354
tt1213644,1.9,87140
tt1213663,7.0,260250
tt1216475,6.1,161513
tt1216491,6.9,44516
tt1216492,6.5,95145
tt1216520,6.4,13449
tt1217209,7.1,373751
tt1217613,5.7,174504
tt1219342,6.9,77896
tt1220198,5.9,73819
tt1220217,4.3,690
tt1220220,4.6,4368
tt1220628,5.3,8212
tt1220634,5.8,162057
tt1222817,5.2,57576
tt1225822,6.1,45109
tt1226229,6.4,169867
tt1226232,6.6,8655
tt1226271,7.5,41464
tt1226273,6.6,89800
tt1226681,6.6,29344
tt1226753,6.8,64135
tt1227378,7.5,8472
tt1228705,7.0,723498
tt1228987,7.1,113706
tt1229238,7.4,457632
tt1229340,6.3,169117
tt1230204,6.0,6911
tt1230414,6.5,86402
tt1231580,4.5,43855
tt1231583,6.5,324053
tt1231587,6.4,162191
tt1232200,5.5,91611
tt1232207,7.4,41162
tt1232776,7.3,59111
tt1232783,5.1,28716
tt1232829,7.2,511152
tt1233192,5.7,6161
tt1233227,6.0,101993
tt1233301,6.1,40305
tt1234548,6.2,127045
tt1234721,6.1,216257
tt1235189,6.8,36118
tt1235522,6.2,76336
tt1235796,6.8,20086
tt1235811,5.7,108
tt1236254,3.5,259
tt1240982,5.5,96611
tt1241226,4.8,355
tt1242432,6.3,76381
tt1242460,7.5,138334
tt1243957,6.0,224617
tt1243974,5.4,62706
tt1244659,6.4,16293
tt1245492,6.6,384360
tt1245526,7.0,289799
tt1247644,6.2,1317
tt1247662,5.8,9131
tt1250777,7.6,524471
tt1251743,5.3,4418
tt1252289,5.5,150
tt1253863,6.2,281284
tt1253864,6.0,160896
tt1258197,6.8,105754
tt1258972,5.4,60519
tt1259521,7.0,377160
tt1259571,4.7,266093
tt1259574,7.0,11538
tt1261945,4.5,74444
tt1262416,6.1,128195
tt1262981,6.9,37229
tt1263670,7.2,84181
tt1265990,4.8,36607
tt1266029,7.1,35152
tt1267297,6.0,146193
tt1268799,6.3,65916
tt1270262,7.1,60220
tt1270286,6.9,5419
tt1270761,5.6,46976
tt1270792,2.3,762
tt1270798,7.7,646036
tt1272878,6.7,197029
tt1272886,6.1,7258
tt1273678,5.5,40888
tt1274300,5.3,7427
tt1274586,4.5,9794
tt1276104,7.4,535090
tt1276105,5.7,2787
tt1277953,6.8,163736
tt1279935,6.3,152502
tt1281374,5.8,2254
tt1282046,5.9,357
tt1282140,7.0,359803
tt1284575,5.6,193380
tt1285016,7.7,626133
tt1285309,6.5,38581
tt1286537,7.8,49374
tt1287468,4.3,14062
tt1288558,6.5,156719
tt1289401,6.5,204577
tt1289406,7.2,84155
tt1289419,3.4,596
tt1291150,5.8,201123
tt1291584,8.2,436524
tt1292566,6.1,81133
tt1294161,6.3,1804
tt1294213,6.3,15618
tt1294226,6.0,81476
tt1296373,5.6,1618
tt1298649,5.7,121222
tt1298650,6.6,481855
tt1300851,6.3,61546
tt1300854,7.1,756566
tt1301130,7.4,61
tt1302011,7.2,254274
tt1302067,4.6,20525
tt1303803,3.1,700
tt1303828,6.8,35536
tt1305583,5.0,6738
tt1305591,5.4,21138
tt1306980,7.6,315602
tt1307068,6.7,107627
tt1307926,3.8,1127
tt1308729,5.7,47521
tt1311067,4.9,48747
tt1314190,5.0,666
tt1314228,4.9,38171
tt1314655,6.2,133985
tt1315981,7.6,106072
tt1316536,6.6,37493
tt1316616,5.8,4537
tt1318514,7.6,496239
tt1319716,5.4,1451
tt1320244,5.6,47952
tt1320253,6.5,326008
tt1320261,4.9,65704
tt1320291,5.8,17460
tt1321860,6.6,47412
tt1321865,7.6,12990
tt1321869,4.5,3089
tt1321870,6.7,206511
tt1322269,7.2,84802
tt1322312,6.3,56651
tt1323594,7.6,501404
tt1325004,5.0,228372
tt1327194,6.5,101601
tt1327601,4.6,1340
tt1327773,7.2,109019
tt1328873,4.6,33
tt1333125,4.3,99557
tt1333668,7.3,670
tt1334260,7.1,137172
tt1334553,6.8,24905
tt1335975,6.3,145995
tt1336608,5.9,73947
tt1336617,6.3,33603
tt1337057,6.2,18183
tt1340138,6.3,259939
tt1340800,7.1,187794
tt1341167,7.3,72201
tt1341188,5.4,47100
tt1343092,7.2,479959
tt1343727,7.1,252364
tt1345836,8.4,1518389
tt1346961,6.1,2747
tt1349485,7.1,35
tt1351685,6.2,131922
tt1352824,6.3,69615
tt1355630,6.7,116038
tt1355631,7.0,68735
tt1355683,6.9,168186
tt1360826,5.6,422
tt1361313,5.8,4768
tt1366344,5.7,68207
tt1366365,4.9,35550
tt1371111,7.4,344999
tt1371150,6.6,73507
tt1371155,7.2,14481
tt1372686,6.1,31037
tt1374989,5.8,51689
tt1375666,8.8,2070618
tt1375670,5.9,228684
tt1376195,6.5,3531
tt1376213,5.5,6048
tt1385826,7.0,244313
tt1385867,5.6,85213
tt1385912,4.5,9502
tt1386588,6.7,243319
tt1386697,6.0,601810
tt1389137,7.1,135117
tt1390404,4.7,104
tt1390411,6.9,123835
tt1390539,4.8,1609
tt1391137,4.7,9094
tt1392170,7.2,845355
tt1392190,8.1,883734
tt1392197,4.3,14362
tt1392214,8.1,602494
tt1396218,6.0,88482
tt1397280,6.3,289738
tt1397514,5.8,93643
tt1398426,7.8,179440
tt1399103,6.2,384797
tt1399683,7.1,136067
tt1401152,6.8,249649
tt1402488,5.9,41804
tt1403177,7.0,50726
tt1403241,5.3,8268
tt1403865,7.6,312224
tt1403981,7.1,138424
tt1405365,6.6,29458
tt1405500,6.1,7238
tt1407061,5.9,13428
tt1408101,7.7,463450
tt1408253,6.2,103456
tt1409024,6.8,335674
tt1411238,6.2,214092
tt1411250,6.4,154422
tt1411664,3.2,11354
tt1411697,6.5,464302
tt1411704,5.4,31338
tt1412386,7.2,90323
tt1414361,2.8,1739
tt1414378,6.5,3770
tt1414382,5.8,49377
tt1415283,6.1,28573
tt1418377,5.1,78355
tt1418646,7.1,7602
tt1421051,6.3,42958
tt1422136,6.2,27575
tt1423894,7.3,24001
tt1423995,5.4,40341
tt1424381,6.4,211836
tt1425922,4.6,2058
tt1428538,6.1,194974
tt1430132,6.7,430186
tt1430607,7.1,52865
tt1430612,5.7,40025
tt1430615,6.5,18724
tt1430626,6.7,45183
tt1431045,8.0,903828
tt1431181,7.3,27979
tt1433108,6.4,100892
tt1433822,4.1,18939
tt1436562,6.9,206676
tt1438173,5.2,16473
tt1438176,6.3,99627
tt1438254,6.4,58746
tt1440129,5.8,236679
tt1440292,7.3,85628
tt1440728,6.3,91760
tt1441326,6.9,49219
tt1441395,6.3,130056
tt1441951,6.8,19168
tt1446192,7.3,157429
tt1446714,7.0,568897
tt1448755,6.4,123974
tt1449283,7.2,21967
tt1450328,6.8,989
tt1453405,7.3,323024
tt1454029,8.0,429148
tt1454468,7.7,769910
tt1457765,5.3,16123
tt1457767,7.5,442784
tt1458175,7.3,184179
tt1460798,6.2,143
tt1462041,6.0,63512
tt1462054,6.3,4697
tt1462758,7.0,149955
tt1462769,6.6,44990
tt1462901,5.6,6062
tt1464174,4.4,25503
tt1464540,6.1,227551
tt1464580,6.5,40618
tt1465522,7.5,165469
tt1470020,5.8,485
tt1470023,5.5,42524
tt1470827,6.4,87814
tt1477076,5.6,90572
tt1477715,7.2,38494
tt1477837,6.2,35955
tt1478338,6.8,268694
tt1478964,6.6,99849
tt1480658,5.7,1405
tt1483013,7.0,486554
tt1484522,7.0,1202
tt1486185,5.5,108084
tt1486192,6.4,82363
tt1486193,5.6,13493
tt1487931,5.7,5586
tt1488181,5.8,6688
tt1488555,6.3,167798
tt1489167,6.5,3493
tt1489889,6.3,159995
tt1490017,7.7,324221
tt1491044,6.8,70575
tt1496025,6.4,146032
tt1498870,2.6,6362
tt1499658,6.9,422046
tt1502404,5.4,94485
tt1502712,4.3,152658
tt1504320,8.0,640274
tt1506999,5.8,83622
tt1509767,5.7,103563
tt1509803,6.1,4633
tt1510934,7.4,509
tt1512235,6.7,75037
tt1515091,7.5,421173
tt1517260,5.9,110895
tt1517489,3.5,22953
tt1518812,6.6,12533
tt1519461,4.2,13260
tt1520498,2.1,14843
tt1521197,6.9,39305
tt1524083,5.1,218
tt1524137,6.5,117051
tt1524575,4.8,14301
tt1524930,6.1,99770
tt1525366,6.3,17060
tt1528100,6.0,159685
tt1528854,6.2,108875
tt1529567,6.7,393
tt1529572,6.9,41233
tt1531663,6.4,47930
tt1532503,7.2,87950
tt1532957,7.2,11314
tt1532958,5.0,9025
tt1534085,6.1,13196
tt1535108,6.6,419566
tt1535109,7.8,421764
tt1535438,6.3,40808
tt1535612,5.1,16482
tt1535616,5.8,35422
tt1536044,5.6,98747
tt1538403,5.9,127914
tt1540128,5.7,28931
tt1540133,7.3,81045
tt1541995,6.1,3574
tt1542344,7.5,348363
tt1544600,6.4,2835
tt1545106,5.2,9510
tt1547090,3.3,1643
tt1547234,6.5,110119
tt1549572,7.0,90925
tt1549920,6.3,133313
tt1551641,6.0,756
tt1554091,7.2,15271
tt1554921,4.3,360
tt1555064,6.3,17341
tt1559547,6.1,84049
tt1560747,7.2,155737
tt1560957,4.8,1261
tt1560985,4.2,34826
tt1562847,5.8,547
tt1563738,7.0,139348
tt1564349,6.9,22460
tt1564367,6.4,221879
tt1564585,4.4,86794
tt1566501,6.6,4591
tt1568139,4.5,1872
tt1568338,6.6,144916
tt1568341,6.4,5653
tt1568346,7.8,423807
tt1568911,7.2,147236
tt1570728,7.4,473025
tt1570989,6.2,13870
tt1571222,6.4,98848
tt1571249,6.8,40211
tt1572315,4.8,45787
tt1575694,5.4,11373
tt1578275,5.3,51866
tt1582507,5.6,72833
tt1583420,6.1,63536
tt1583421,5.8,173102
tt1584131,3.6,1111
tt1586265,5.7,69965
tt1586752,6.8,63174
tt1587310,7.0,344876
tt1588173,6.8,219336
tt1588334,6.5,61895
tt1591095,6.8,279033
tt1591479,6.5,66490
tt1592525,6.1,94692
tt1592873,4.4,53906
tt1594562,5.5,32997
tt1596343,7.3,352888
tt1596346,7.0,45781
tt1596350,6.3,176149
tt1596363,7.8,365101
tt1596365,6.4,174347
tt1598778,6.7,282828
tt1598822,5.7,82340
tt1598828,5.3,40800
tt1599348,6.7,206409
tt1600195,5.1,76661
tt1601913,6.8,240781
tt1602098,6.7,23518
tt1602613,5.7,107169
tt1604100,5.3,313
tt1604171,5.4,14832
tt1605630,6.7,203224
tt1605783,7.7,388554
tt1606378,5.3,198478
tt1606389,6.8,184135
tt1606829,8.4,3438
tt1608290,4.7,64957
tt1610996,5.8,17097
tt1611224,5.9,148958
tt1612319,5.0,2445
tt1612774,5.8,34325
tt1614989,7.5,97012
tt1615065,6.5,122775
tt1615147,7.1,117035
tt1615918,4.3,31580
tt1616195,6.5,122716
tt1617661,5.3,179191
tt1618442,6.0,95277
tt1621039,5.8,22573
tt1621045,6.5,44166
tt1622547,6.1,94433
tt1622979,5.8,106864
tt1623205,6.3,199167
tt1623288,7.0,94648
tt1625346,6.2,80642
tt1628841,5.2,166811
tt1629705,6.5,8995
tt1629757,7.2,30853
tt1630036,7.0,19261
tt1631707,6.5,9586
tt1631867,7.9,600777
tt1632708,6.5,340523
tt1633356,4.0,24757
tt1634122,6.3,120967
tt1636826,6.6,188913
tt1637688,6.7,370472
tt1637706,6.4,83751
tt1637725,6.9,570365
tt1638355,7.3,275361
tt1639397,6.1,411
tt1640459,6.1,44026
tt1640484,5.7,10202
tt1640714,6.0,732
tt1641388,4.4,764
tt1641841,5.6,7513
tt1645080,6.6,56478
tt1645089,8.2,69824
tt1645170,6.4,278799
tt1646971,7.8,305996
tt1646987,5.7,181577
tt1647668,7.0,43601
tt1648179,6.4,86129
tt1649419,7.6,201238
tt1650043,6.5,26332
tt1650062,7.0,338722
tt1650554,6.5,254936
tt1653002,5.1,781
tt1655420,6.9,83463
tt1655441,7.2,155308
tt1655442,7.9,230811
tt1655460,5.6,72246
tt1656186,5.5,43349
tt1656190,6.5,103532
tt1657507,6.4,94559
tt1658801,6.6,11756
tt1659337,8.0,462851
tt1661199,6.9,161181
tt1661382,6.4,57830
tt1663143,5.4,13737
tt1663202,8.0,706904
tt1663628,5.5,1527
tt1663662,6.9,466043
tt1666186,3.4,46632
tt1666335,5.8,7902
tt1666801,6.5,83929
tt1667307,5.7,9179
tt1667310,6.3,38076
tt1667353,5.6,84275
tt1667889,6.5,192251
tt1670345,7.3,597068
tt1673434,5.5,231824
tt1675192,7.4,91481
tt1675312,6.3,650
tt1679332,5.6,5718
tt1681370,5.8,194
tt1682180,6.8,102983
tt1687901,6.5,63347
tt1690953,7.3,370211
tt1692084,5.3,1580
tt1692486,7.2,119623
tt1694020,5.7,35354
tt1694021,5.3,8126
tt1695994,4.6,3755
tt1698641,6.2,40887
tt1699755,5.3,4631
tt1700841,6.1,176121
tt1701990,5.7,14896
tt1702425,5.5,20260
tt1702439,6.7,104235
tt1702443,1.6,75067
tt1702455,6.4,46
tt1703199,6.1,52889
tt1704573,6.8,57212
tt1706593,7.0,239804
tt1707386,7.6,309217
tt1709143,5.5,35446
tt1710396,5.8,7957
tt1711425,5.8,72017
tt1712170,5.2,32456
tt1712261,6.3,67000
tt1714206,7.1,144458
tt1714209,4.5,33295
tt1714210,7.6,28111
tt1716760,3.2,216
tt1717210,6.1,68
tt1719071,6.1,4012
tt1720182,6.7,7302
tt1723121,7.0,404785
tt1723811,7.2,183739
tt1726589,5.6,7684
tt1726592,6.4,72428
tt1726669,6.7,73013
tt1727388,7.4,140400
tt1730687,5.1,3289
tt1731141,6.6,223824
tt1731697,5.1,27907
tt1734586,5.5,737
tt1735898,6.1,273807
tt1741273,6.3,43861
tt1742044,6.8,33003
tt1742334,5.7,59333
tt1742336,6.7,26243
tt1742650,4.9,19497
tt1743720,6.6,14588
tt1743993,5.3,4503
tt1747958,6.5,19067
tt1748122,7.8,319204
tt1748179,6.2,58652
tt1748207,6.6,20807
tt1748227,6.1,45710
tt1753460,6.2,1697
tt1754264,5.7,18036
tt1754633,5.6,409
tt1754656,7.7,56808
tt1756851,4.8,10427
tt1758575,5.9,2879
tt1758692,6.7,59370
tt1758795,5.8,36868
tt1758830,6.2,127913
tt1762399,5.2,10692
tt1764183,6.6,50038
tt1764234,6.2,133953
tt1764651,6.6,292216
tt1767382,5.2,21772
tt1772240,5.2,53916
tt1772261,4.5,1792
tt1772288,7.0,30019
tt1772341,7.7,380692
tt1772408,5.5,897
tt1772422,4.9,285
tt1778304,5.8,90382
tt1781769,6.6,92076
tt1781784,7.5,690
tt1781827,6.6,15101
tt1781922,6.8,78568
tt1788391,6.4,36715
tt1790864,6.8,418477
tt1790885,7.4,272339
tt1790886,6.1,124622
tt1791528,6.7,94927
tt1791682,6.3,47111
tt1792647,6.8,7863
tt1798243,7.5,17614
tt1798291,6.5,909
tt1798684,7.4,218166
tt1798709,8.0,541751
tt1799508,5.5,5157
tt1800241,7.2,449458
tt1800246,6.2,97941
tt1800337,3.1,737
tt1800741,6.4,53779
tt1809398,7.2,149670
tt1810683,7.4,22165
tt1814621,5.7,33353
tt1815862,4.8,191817
tt1817273,7.3,246999
tt1821549,7.7,112428
tt1821658,5.7,26662
tt1821694,6.6,160332
tt1823664,5.3,34243
tt1823672,6.8,229953
tt1826590,6.1,22735
tt1836212,4.0,2098
tt1837703,6.2,38909
tt1837709,6.2,52277
tt1838722,5.6,8707
tt1840309,6.6,426272
tt1840417,7.0,74676
tt1841642,5.3,13728
tt1843866,7.7,737376
tt1844203,5.2,2545
tt1850418,6.6,2841
tt1853728,8.4,1360280
tt1854564,5.8,110484
tt1854582,4.2,1900
tt1855199,7.6,228364
tt1855325,5.4,133036
tt1855401,5.4,9478
tt1859650,6.3,84484
tt1860213,5.9,113783
tt1860353,6.4,84742
tt1861343,3.4,696
tt1862079,7.0,120112
tt1865346,4.5,2523
tt1866249,7.2,41172
tt1869425,5.7,1044
tt1869716,6.8,48550
tt1870529,6.5,6185
tt1872181,6.6,417467
tt1872194,7.4,179126
tt1874789,6.3,898
tt1876451,5.7,5854
tt1877832,7.9,660416
tt1880418,6.3,1527
tt1881002,5.6,42026
tt1884318,3.5,2295
tt1885265,5.6,7453
tt1895587,8.1,421188
tt1904996,6.2,113875
tt1907639,5.6,759
tt1907668,7.3,326411
tt1911644,6.7,112866
tt1911658,6.7,79473
tt1913166,4.5,9677
tt1915581,6.1,131515
tt1920849,5.3,45321
tt1921064,5.5,106516
tt1922612,5.5,5643
tt1922679,5.4,1672
tt1922777,6.8,222187
tt1924396,7.8,108572
tt1924429,6.9,109816
tt1924435,6.4,127358
tt1929263,5.8,25753
tt1930294,4.7,8570
tt1931435,5.6,47446
tt1931533,7.2,241489
tt1934172,6.8,85
tt1935179,7.4,168659
tt1935902,6.4,14844
tt1937264,7.1,33155
tt1939659,5.9,133420
tt1942884,7.6,20228
tt1943014,4.4,1150
tt1945044,4.5,5408
tt1946381,4.1,1467
tt1951181,6.6,29911
tt1951264,7.5,614240
tt1951265,6.6,414500
tt1951266,6.6,287366
tt1956620,5.1,107528
tt1958007,3.6,427
tt1959490,5.7,243449
tt1964418,6.4,172204
tt1967545,6.9,42922
tt1971325,6.1,54420
tt1971352,6.4,31475
tt1972571,6.8,72484
tt1972779,6.7,66453
tt1974419,6.2,84493
tt1976009,6.0,52467
tt1976608,6.9,161
tt1979320,8.1,433393
tt1979388,6.7,102321
tt1980209,6.4,201200
tt1980929,7.4,143615
tt1981107,7.1,17138
tt1981115,6.9,596753
tt1981677,7.1,277079
tt1985017,5.4,6787
tt1985949,6.3,80479
tt1985966,6.4,90967
tt1989646,6.8,50
tt1990314,7.1,61927
tt1991199,4.1,37
tt1991245,5.0,63925
tt1995390,6.2,20327
tt1995477,5.3,722
tt1996264,6.0,15689
tt1999192,7.4,5755
tt2002718,5.6,74769
tt2004420,6.3,287246
tt2005374,6.4,58512
tt2006295,6.9,35842
tt2011159,5.6,18458
tt2011276,5.5,9221
tt2015381,8.0,1044786
tt2016335,5.4,1893
tt2017020,5.3,38110
tt2017038,6.9,76217
tt2017486,6.9,3910
tt2023453,6.3,22185
tt2023587,6.2,168969
tt2024432,5.7,125023
tt2024469,6.9,250372
tt2024506,5.7,4389
tt2024544,8.1,641567
tt2025690,6.8,62082
tt2034139,4.0,15736
tt2035599,7.2,678
tt2039393,6.1,66178
tt2040578,3.1,3306
tt2042568,7.5,139988
tt2048865,3.9,843
tt2049518,5.3,157
tt2051894,5.9,2841
tt2052015,4.9,102
tt2053463,7.1,180265
tt2058107,7.1,37521
tt2058673,5.3,58693
tt2063015,5.4,301
tt2070597,6.2,1589
tt2073661,4.7,658
tt2076220,7.1,41642
tt2080374,7.2,154634
tt2081194,4.3,3446
tt2083355,6.7,14950
tt2083383,6.8,60293
tt2084970,8.0,686337
tt2091427,6.1,599
tt2091473,6.6,36450
tt2095649,5.7,18609
tt2096672,5.6,128967
tt2096673,8.1,617723
tt2097298,7.4,35495
tt2097307,6.1,34571
tt2099556,5.7,12375
tt2101341,6.5,63917
tt2101441,5.3,135927
tt2103217,6.1,35189
tt2103254,4.9,48333
tt2103267,6.2,32370
tt2103281,7.6,411920
tt2106361,5.8,65093
tt2109184,4.6,62341
tt2109248,5.6,298188
tt2111292,4.3,71
tt2112209,6.5,88
tt2112277,4.5,2831
tt2113659,6.5,2982
tt2120120,5.5,132151
tt2125430,7.3,204
tt2125435,7.3,80739
tt2126355,6.1,213160
tt2126362,5.7,8811
tt2139721,7.2,14
tt2140037,5.9,20860
tt2140373,7.5,152321
tt2140379,6.5,90495
tt2147225,5.4,542
tt2149137,2.1,701
tt2164708,6.2,345
tt2165765,4.9,6294
tt2166214,4.2,6334
tt2166834,8.4,45945
tt2167202,4.4,23226
tt2170299,6.6,46825
tt2170439,6.3,158673
tt2170593,7.2,96154
tt2172934,6.2,87961
tt2172935,7.2,16652
tt2177771,6.1,124877
tt2179136,7.3,440271
tt2180333,3.9,1549
tt2180411,5.9,132683
tt2181837,7.9,62
tt2182972,5.8,9159
tt2183034,5.8,18321
tt2184339,5.7,202832
tt2187884,5.1,9167
tt2190180,7.7,45
tt2191701,5.4,140895
tt2193215,5.3,96513
tt2194499,7.8,303781
tt2199571,6.6,102280
tt2203939,6.0,131043
tt2205401,5.1,9348
tt2209418,7.9,141708
tt2209764,6.3,217039
tt2215285,4.9,10051
tt2215719,5.9,13333
tt2223990,6.8,54711
tt2224026,6.6,92070
tt2226417,6.6,155521
tt2226519,5.3,3688
tt2229377,5.2,972
tt2229499,6.5,229037
tt2231253,5.6,51199
tt2234025,6.6,4849
tt2234155,6.3,189665
tt2239832,5.8,19787
tt2241351,6.5,94569
tt2243537,5.0,43947
tt2245084,7.8,411542
tt2246526,6.7,64
tt2247476,6.7,15403
tt2247692,5.0,10443
tt2248739,6.7,2103
tt2249221,6.7,17737
tt2262227,7.3,64620
tt2263814,4.5,1104
tt2265398,6.1,56083
tt2265431,5.4,93
tt2267968,7.1,134860
tt2267998,8.1,861320
tt2268016,5.6,52380
tt2271563,6.3,10511
tt2275671,6.9,236
tt2278388,8.1,709053
tt2279339,5.8,21996
tt2279373,6.0,49501
tt2281587,6.4,31810
tt2290113,6.6,419
tt2292959,3.8,10478
tt2293640,6.4,212538
tt2294449,7.0,346098
tt2294629,7.4,573367
tt2294916,7.2,258
tt2295722,5.8,8003
tt2302755,6.5,257630
tt2304771,7.1,26491
tt2304933,5.2,100476
tt2305051,7.1,120629
tt2309260,4.3,19296
tt2309788,7.6,5438
tt2310332,7.4,475328
tt2311428,3.1,192
tt2312718,6.5,109045
tt2317796,6.5,27
tt2318092,6.3,40401
tt2319456,3.9,288
tt2322441,4.1,297948
tt2325977,5.2,8769
tt2333784,6.1,169577
tt2334649,7.5,75864
tt2334873,7.3,192126
tt2334879,6.4,206598
tt2334896,6.9,6447
tt2343473,3.5,114
tt2347569,7.5,74867
tt2349460,6.1,3248
tt2357291,6.3,80378
tt2358925,5.4,32121
tt2359024,7.1,67298
tt2361509,7.1,221456
tt2361700,7.6,3362
tt2363439,4.3,1674
tt2364841,5.6,60646
tt2369135,6.4,162942
tt2375036,3.4,120
tt2377322,6.2,71362
tt2379386,3.1,1973
tt2379713,6.8,385277
tt2380301,3.2,400
tt2381111,7.5,131470
tt2381249,7.4,342427
tt2381941,6.6,219115
tt2381991,6.1,98263
tt2382396,6.9,45776
tt2387559,6.4,75076
tt2388621,6.9,272
tt2388715,6.5,117510
tt2389182,6.7,17799
tt2390361,7.0,58802
tt2395247,6.4,3125
tt2395427,7.3,743004
tt2396566,7.4,12367
tt2398231,6.6,30739
tt2398249,5.6,21438
tt2401878,7.3,66451
tt2402105,6.2,25699
tt2402157,6.3,63624
tt2403021,5.3,39063
tt2403393,6.2,1798
tt2403415,5.3,190
tt2403815,5.3,625
tt2404233,5.4,106394
tt2404425,7.3,53993
tt2404463,6.6,162541
tt2414822,4.6,1073
tt2417650,2.5,3534
tt2421956,8.3,66
tt2431286,7.6,94277
tt2436386,6.4,76167
tt2442662,3.0,210
tt2446042,6.0,179307
tt2446502,3.5,2515
tt2446980,6.6,128430
tt2452042,7.1,42381
tt2460506,6.7,53
tt2465146,5.8,12874
tt2467046,3.1,37167
tt2469216,3.6,76
tt2473602,6.9,22627
tt2473682,5.0,39937
tt2473794,6.8,24366
tt2474024,5.9,9522
tt2475846,4.5,1120
tt2479478,4.8,44602
tt2479800,6.2,27425
tt2494384,5.3,3352
tt2503944,6.6,106958
tt2503954,5.7,2051
tt2505294,6.0,11640
tt2510894,6.7,107901
tt2515030,6.5,21132
tt2515034,5.8,38973
tt2515086,4.3,23584
tt2555736,6.6,31449
tt2556874,6.0,7646
tt2557490,6.1,177215
tt2559658,7.7,58
tt2561572,6.0,123247
tt2562232,7.7,581051
tt2567026,6.2,94024
tt2577172,5.5,8334
tt2582802,8.5,719250
tt2582846,7.7,344695
tt2584018,6.5,1794
tt2609758,4.9,5893
tt2609912,6.8,8526
tt2622294,3.7,181
tt2628316,5.2,5313
tt2637276,6.3,185188
tt2637294,5.1,37010
tt2638144,5.7,41680
tt2645670,3.4,1118
tt2649554,6.6,75975
tt2654360,7.1,918
tt2655734,5.0,539
tt2660888,7.1,228516
tt2667960,5.5,5188
tt2674426,7.4,209543
tt2690560,6.1,132
tt2692250,6.2,107341
tt2702724,5.4,42793
tt2709768,6.5,183242
tt2713180,7.6,427432
tt2717822,5.4,52101
tt2719848,7.1,197526
tt2722786,4.8,271
tt2723576,4.9,689
tt2724064,3.3,46639
tt2726560,7.1,76778
tt2739338,6.2,1937
tt2752688,6.6,10287
tt2752758,4.1,16032
tt2752772,5.3,48697
tt2759066,5.2,86
tt2761578,5.4,2502
tt2780714,6.8,167
tt2784678,6.4,25792
tt2788710,6.5,306687
tt2788732,6.7,54198
tt2796678,4.5,974
tt2800038,4.3,3063
tt2814362,2.1,4030
tt2820852,7.1,359776
tt2825768,7.4,78
tt2828996,4.7,19798
tt2837336,4.3,3546
tt2848292,6.4,142599
tt2866824,6.6,1198
tt2869728,5.9,53463
tt2870612,6.2,77515
tt2870708,6.7,36717
tt2872718,7.9,467330
tt2872724,4.8,4032
tt2872732,6.4,447251
tt2876428,7.6,2773
tt2883434,6.6,11775
tt2884206,7.4,115814
tt2908446,6.2,218146
tt2909932,2.3,362
tt2910274,6.8,23841
tt2910814,6.1,62617
tt2912776,5.9,164
tt2918436,5.2,41089
tt2923316,5.0,16336
tt2937898,7.0,66894
tt2938956,5.2,39258
tt2945796,4.9,1781
tt2955096,5.4,7831
tt2967008,4.6,4591
tt2967224,5.2,48568
tt2968804,4.4,4291
tt2974918,5.0,16959
tt2975578,6.4,138637
tt2975590,6.4,626322
tt2978462,6.4,8378
tt2980516,7.7,404917
tt2980648,7.3,77007
tt2980708,5.4,5441
tt3000844,7.7,1250
tt3007512,7.0,71609
tt3014666,5.4,13256
tt3014866,6.3,59867
tt3018070,5.2,3534
tt3032282,4.8,2860
tt3034146,5.2,336
tt3040964,7.4,259414
tt3043194,2.6,438
tt3045616,5.5,67647
tt3063516,6.5,89167
tt3065204,7.3,225811
tt3072636,7.2,130
tt3076658,7.6,247987
tt3082898,4.9,10542
tt3099498,5.3,46784
tt3103166,4.7,618
tt3104930,4.2,1530
tt3109200,2.1,106
tt3110770,6.1,1761
tt3110958,6.5,249815
tt3111864,4.6,194
tt3118452,6.0,44927
tt3125324,6.9,15421
tt3130704,6.8,11
tt3139764,4.3,282
tt3145220,5.8,1799
tt3148834,6.2,6212
tt3152288,3.5,116
tt3152624,6.2,129448
tt3153582,5.6,3071
tt3157318,5.0,41
tt3170832,8.1,372458
tt3172532,6.9,29799
tt3181822,4.7,38113
tt3195644,6.1,93894
tt3205376,6.9,42809
tt3210686,5.7,18298
tt3210710,4.0,204
tt3212232,5.4,13601
tt3214286,6.8,1911
tt3231054,6.3,25263
tt3235888,6.8,210865
tt3247714,5.6,31477
tt3268668,5.4,6459
tt3276924,6.1,28074
tt3277624,5.4,2078
tt3297330,6.4,22579
tt3297554,6.3,891
tt3300542,5.9,145714
tt3316960,7.5,126685
tt3319920,5.7,37085
tt3322364,7.2,87163
tt3322940,5.4,141356
tt3332064,5.7,60560
tt3333870,4.9,3055
tt3346224,5.7,6686
tt3359872,3.0,106
tt3369806,6.7,25740
tt3385516,6.9,393575
tt3387542,4.8,40103
tt3397884,7.6,371984
tt3410834,5.7,109365
tt3421204,5.1,103
tt3432552,5.3,1254
tt3450650,4.4,34390
tt3453052,6.2,980
tt3457376,7.4,295
tt3460252,7.8,518223
tt3488328,5.1,6032
tt3488710,7.3,120116
tt3498820,7.8,664938
tt3499096,7.1,34907
tt3499458,3.5,3100
tt3504048,6.8,32069
tt3511596,5.0,4608
tt3528666,5.2,3343
tt3531824,6.5,116152
tt3533916,4.8,7318
tt3551400,3.9,1743
tt3551840,6.9,359
tt3561236,4.9,2443
tt3564748,7.5,10
tt3567288,6.2,114126
tt3569230,6.9,159014
tt3569356,4.0,5542
tt3581098,5.3,65
tt3622592,6.3,95370
tt3626436,2.9,646
tt3658772,5.3,15046
tt3659388,8.0,761200
tt3666210,6.0,450
tt3682448,7.6,288051
tt3683702,4.7,996
tt3687310,5.8,8396
tt3691740,6.4,77834
tt3703148,5.0,2364
tt3707106,5.3,18765
tt3713166,5.5,68815
tt3719896,7.2,6084
tt3760922,6.0,28347
tt3781616,2.8,994
tt3787590,6.2,36157
tt3832096,3.7,9313
tt3838992,4.3,12344
tt3846442,6.0,39
tt3850214,7.2,80793
tt3850590,6.2,64564
tt3882082,6.0,80574
tt3892618,6.7,692
tt3904272,4.6,1008
tt3949660,6.0,84582
tt3973612,7.4,88
tt3976258,4.1,31
tt4044464,5.1,1502
tt4046784,6.3,222442
tt4052882,6.3,120402
tt4056738,6.1,7156
tt4058122,4.8,343
tt4060866,4.1,2271
tt4061848,5.4,364
tt4062536,7.0,108067
tt4062896,5.1,223
tt4063178,5.5,675
tt4080386,6.4,1359
tt4094724,6.0,90189
tt4136084,6.8,51075
tt4139124,6.3,45677
tt4162992,3.4,311
tt4172430,7.3,119542
tt4178092,7.0,140375
tt4193394,6.7,11510
tt4196450,6.4,20119
tt4196776,6.6,208776
tt4196848,7.7,25780
tt4219836,6.9,537
tt4254584,6.4,4139
tt4257926,7.1,21870
tt4263482,6.9,203859
tt4273494,7.0,104
tt4280822,2.6,552
tt4337690,4.8,3392
tt4340720,3.5,1352
tt4386242,5.7,1849
tt4412528,6.1,1764
tt4416518,3.4,2085
tt4438848,5.7,113793
tt4453560,5.5,35
tt4462082,6.0,144
tt4511566,3.3,1976
tt4517738,4.1,906
tt4519006,6.3,2520
tt4590482,6.5,1282
tt4651520,6.2,114405
tt4667094,3.5,19708
tt4704314,6.4,246
tt4733536,5.0,3913
tt4786282,6.3,115223
tt4824308,4.4,11459
tt4871980,4.9,3692
tt5001130,7.2,245
