id,director_id
19995,2710
285,1704
206647,39
49026,525
49529,7
559,7623
38757,76595
38757,121830
99861,12891
767,11343
209112,15217
1452,9032
10764,12995
58,1704
57201,1704
49521,15217
2454,5524
24428,12891
1865,17633
41154,5174
122917,108
1930,87742
20662,578
57158,108
2268,3288
254,108
597,2710
271110,19271
271110,19272
44833,36602
135397,930707
37724,39
558,7623
68721,1108
12155,510
36668,11091
62211,225976
8373,865
91314,865
68728,7623
102382,87742
20526,86270
49013,7879
49013,32532
44912,10702
10193,8
534,36425
168259,2127
72190,12995
127585,9032
54138,15344
81005,9032
64682,6201
9543,10723
68726,10828
38356,865
217,488
105864,21198
62177,59803
62177,126638
62177,137262
188927,58189
10681,7
5174,11091
14161,6046
17979,24
76757,9339
76757,9340
258489,11343
411,5524
246655,9032
155,525
14160,12890
15512,12080
15512,65630
1726,15277
44826,1032
8487,5174
1735,18878
297761,19769
2698,4499
137113,11694
9804,8300
14869,7775
150540,12890
278927,15277
10138,15277
58595,228134
102651,1032536
119450,32278
79698,8965
64686,239571
100402,19271
100402,19272
10192,64151
158852,7087
177572,70238
177572,227439
82690,165787
5255,24
47933,6046
10191,66193
10191,69797
296,7213
118340,15218
157336,525
27205,525
315011,77921
315011,80752
49051,108
9799,18878
4922,7467
49538,957
131634,10943
27022,12962
503,5231
241259,26205
810,12098
810,12099
68735,81850
87101,47005
10140,10781
676,865
1858,865
1966,1152
675,11343
674,10723
8960,36602
6479,10943
118,510
2062,7930
2062,7087
272,525
10527,18863
10527,18864
18360,17825
2080,13079
605,9339
605,9340
109445,15774
109445,1120694
604,9339
604,9340
76338,47005
76341,20629
13448,6159
10195,11181
13053,70238
13053,76595
19585,84851
57165,66739
62213,510
177677,9033
7978,4945
5559,44113
5559,44114
49444,142312
10196,11614
956,15344
117251,6046
50321,21879
11619,33183
11619,58897
266647,36588
82703,18898
652,5231
80321,12080
80321,18863
80321,18864
36669,7256
43074,116805
95,865
608,5174
2310,24
140300,142312
140300,1262481
56292,7087
81188,151007
7552,15002
616,9181
147441,578
13475,15344
557,7623
82702,69797
205584,21085
10048,18878
13183,15217
944,7187
1927,1614
72559,54507
7364,52609
2114,21692
2114,21693
1771,4945
36643,10781
8619,2690
50620,15557
65759,20629
1724,18865
267935,488
281957,223
77950,94075
44896,1704
270946,18863
270946,44114
2503,25598
9502,57741
9502,57742
102899,59026
101299,10943
228161,52870
74,488
8961,865
417859,12098
27576,13015
86834,6431
17578,488
673,11218
6972,6201
82700,11614
10567,65855
10567,65856
181533,17825
38055,18864
671,10965
49524,57270
22,1704
131631,10943
591,6159
172385,5714
36658,9032
51497,58189
58574,956
18823,18865
861,10491
1911,1090
49040,19242
415,5572
8871,6159
435,6046
955,11401
2133,5231
1979,20400
87827,1614
1250,16837
324668,25598
9471,36425
70981,578
10996,18898
68724,82194
2789,28239
97020,52576
7459,9339
7459,9340
42888,3388
37834,366
75612,86270
1895,1
1894,1
585,12890
76170,366
1893,1
49519,66193
49519,71267
2395,20674
2395,24886
12100,11401
290595,1454884
98566,66739
49047,11218
9619,21370
308531,1101410
166424,934803
1593,17825
254128,132876
714,1724
2024,6046
163,1884
787,11694
262500,57270
2567,1032
38745,65630
40805,201
53182,78914
41513,1215
13700,70287
13700,80671
262504,57270
39254,17825
77931,1215
1639,2209
80274,13079
1571,3950
120,108
10204,57370
8489,638
10588,5133
2048,21085
1495,578
10137,18898
10198,15810
10198,15811
286217,578
1635,865
24113,36804
9679,58498
98,578
180,488
672,10965
36557,10702
869,510
280,2710
11322,638
4982,578
36955,2710
18487,893
39451,3289
27581,55710
9268,26713
68718,138
10545,62047
10545,62048
11688,61411
76163,12786
2059,12962
2486,25453
16523,5953
116711,5713
37710,8193
9946,37710
1372,9181
106646,1032
414,5572
563,10491
83542,1071
83542,9339
83542,9340
41216,15217
314,4586
184315,11091
9016,15810
9016,15811
18162,11887
138103,143059
257088,21673
10214,64191
205775,6159
11692,33485
22972,25598
227973,71729
29193,1255
1734,7775
3131,1032
76758,607
9408,12905
9408,15774
9890,7908
855,578
77953,6737
18,59
37786,38023
10501,27005
10501,65629
57800,71729
57800,229962
150689,11181
7980,108
12,7
122,108
121,108
68737,130938
1995,12786
157353,559
331,4945
61791,77357
8204,54050
47964,12028
10733,54040
9806,7087
1408,16938
32657,10965
607,5174
863,7879
44048,893
5175,11091
2655,24
22794,107446
22794,155267
8355,5714
116745,7399
4327,36425
1422,1032
10674,66190
10674,66191
7446,7399
65754,7467
1572,1090
10528,956
271969,23430
10865,62047
10865,62048
258509,68573
2253,9032
10661,17494
257344,10965
644,488
10756,18898
686,24
9383,10491
179,2226
76285,109857
1996,2209
291805,54507
10003,13015
1535,893
2067,1150
46195,5714
2277,10965
10357,8843
4477,6349
8665,14392
9387,8328
921,6159
49852,58728
4464,23964
664,2209
8358,24
9836,20629
2502,25598
9772,5231
161,1884
52451,4014
76492,185438
4523,15775
59961,125738
10481,15775
59108,11091
1581,17698
9798,893
22897,17698
298,1884
7484,7881
7484,15812
7484,52691
157350,17329
853,2352
10159,36602
9593,1090
1904,17633
9615,58189
51052,66191
51052,208113
297,769
9884,12989
16858,66777
62764,56512
22538,11090
9341,15148
12107,13426
9637,1215
49049,43141
9339,57370
16281,14999
39691,132876
8247,11694
11253,10828
1949,7467
8452,1724
310,4499
27578,16483
954,1150
70160,23964
45243,57130
364,510
7518,52845
7518,52870
11544,66193
11544,69797
9986,17046
8656,51984
146216,15002
9291,13426
55301,64151
109418,17494
11665,13426
6964,17698
11324,1032
12193,71600
9928,5713
9928,5714
754,11401
10202,20739
4147,39
50546,17494
1701,12786
13027,40256
2289,2239
20504,11447
20504,11448
9574,56911
11618,2209
2300,23677
12096,17825
10200,55499
8834,7187
228150,19769
6068,8858
41515,9622
9023,12079
9023,56660
38317,57370
2157,2042
14462,16294
161795,117075
159824,185438
49948,5690
49948,12824
49948,56146
49948,56147
49948,65531
49948,74297
49948,74298
49948,74299
2135,21879
9822,33485
9705,58498
1656,10702
12159,9198
9678,32593
4442,280
75,510
330770,17627
9433,7256
19959,7213
11973,21370
11228,18878
77951,66191
77951,561061
5491,5058
10715,4600
10197,17633
9562,7187
9922,1269
9447,20629
274854,52609
8870,56154
9992,59
36970,20030
36970,138857
10077,37710
76649,4014
293644,1172908
453,6159
8587,15812
8587,18898
72545,132876
109451,12095
109451,1046494
9533,11091
2023,4945
71880,17494
584,6482
309809,57741
4858,7832
4858,11266
17711,588701
328111,124748
8698,10808
93456,124747
93456,124748
602,6046
330,488
953,18863
953,18864
9693,11218
36657,9032
8909,23430
9802,865
950,5714
1824,13426
2976,20739
11026,16938
332,4759
75656,18865
38365,17494
594,488
15189,109857
11678,10702
6538,5342
10555,12058
10555,65629
10555,65630
1125,15557
4551,37932
612,488
9567,20907
37821,36797
203801,956
2539,3388
9297,57193
3172,8246
6520,3415
1439,17167
37958,56512
2026,1011158
7450,12881
7450,40345
11375,4037
9425,4014
25769,94220
25769,94222
23685,57646
11866,12028
9741,11614
211672,8023
211672,124747
23629,15217
8688,1150
10153,8246
153518,52701
153518,1281387
8676,17167
20829,41039
4349,36602
9718,55710
10808,52112
197,2461
25,39
35,197
11086,4027
10477,16938
1997,2352
6947,11614
3050,31024
2675,11614
809,5524
809,12079
809,12080
920,7879
920,7911
4806,1201
7451,18878
228165,217174
3595,6159
16869,138
879,488
1573,16938
9257,47640
1903,11649
9697,11614
395,4014
23398,31024
10590,2460
117263,20907
200,2388
44943,66739
587,510
10395,5342
57212,488
152760,1461
2756,2710
33909,1152
49017,1167470
9882,9181
2270,957
978,2352
44564,6159
3132,5572
8814,10765
8427,31024
52520,80923
52520,80924
80585,20739
10592,17812
49021,141688
11535,1090
10550,65615
11258,30149
12610,7395
12610,7396
59981,15780
201088,638
5137,41378
3093,30365
107846,29605
188207,16938
4614,23968
24021,27571
11371,7908
20352,124747
20352,124748
11517,52629
214756,52139
26428,19840
9824,59646
48988,7395
48988,7396
9008,638
300673,50767
12113,578
38778,6737
72331,23430
1844,15148
846,12523
9703,58656
857,488
136797,293911
3981,17698
425,5713
6171,8844
72976,488
603,9339
603,9340
568,6159
9021,15045
82695,70500
9489,9248
12133,55710
9342,10702
41733,57130
227306,11701
5551,190
9350,16938
9208,11401
4244,12962
1852,1152
11820,10723
76493,6767
345,240
196867,82511
256591,56411
256591,56412
59962,36425
36648,3893
1880,8328
9440,5342
71679,4014
10483,4014
11412,16938
11983,18596
6795,15277
550,7467
11170,36425
9292,7145
10783,9248
100241,1707
257,3556
9947,12523
189,2294
189,2293
12618,2226
253412,67813
1427,1071
818,6737
16577,33183
329,488
12160,8844
9331,13015
300168,57832
9072,35689
3536,7213
9087,3026
12177,71527
12138,71418
273248,138
9955,60922
9955,60923
50359,49903
1271,15217
693,6737
14306,5065
497,4027
11199,68573
9982,61411
210577,7467
2501,11694
710,10702
2275,12786
37165,2690
9837,21879
9837,44113
9837,59803
10708,52112
136400,67813
10992,64191
9654,37932
2642,18323
8916,18863
8916,52870
19899,12708
2119,893
9641,20739
294254,1179066
38167,52779
5994,11091
39514,57270
9563,1152
547,4135
1538,638
9334,26713
11128,46297
75780,9033
8914,16938
13576,65310
39538,1884
10628,48980
14836,57646
8645,11614
9509,893
10067,53177
9384,57130
9279,13581
1487,10828
9422,2260
77174,58897
77174,154705
4824,30365
9620,11401
9302,18250
10199,64152
10199,58897
10771,66654
3512,32277
137094,11181
274479,17883
267860,132239
8078,2419
7485,20907
170687,52691
170687,1152981
6435,2171
137106,107446
137106,155267
10040,58072
6278,12523
82682,91268
17610,1524
22954,190
16995,17350
16558,19242
9849,18281
5820,47640
16866,117052
16866,968303
16866,1158156
201,2523
11775,1223
87825,4746
12201,10702
11015,37710
9932,1524
13389,18250
8838,23213
17332,36588
4958,4135
786,11649
9513,49903
11679,7256
38321,116357
14411,52870
14411,1205756
8413,4014
10052,4499
9676,1150
9664,57138
2100,21526
10384,1723
10384,62020
137321,5575
123553,21981
11260,53177
9009,8574
11374,6159
2309,1978
8285,2293
210860,508
2312,23799
9839,10702
381902,93991
13922,21053
293660,55252
9713,18356
190859,190
257445,65630
9007,54050
889,13581
1370,16589
4942,1461
347969,57370
24438,18323
116741,17825
35791,4014
72431,1216147
1813,18596
87428,74619
8840,18878
10589,11091
71676,20192
71676,20193
1722,18844
10022,20739
11358,34453
13,24
6477,49903
1597,6737
10530,65530
10530,65531
1924,7187
9327,4499
8488,17167
10603,54967
8273,54584
109424,25598
35056,17825
8839,11887
156022,20907
7303,39819
8963,893
1402,20646
9315,57270
8984,8246
795,11887
24,138
11353,7908
393,138
9618,58728
9618,58729
9374,24
8584,46076
2320,2523
58224,54050
1729,18898
175574,8029
8077,7467
8818,9168
8195,13776
10586,2042
116149,101666
80035,62854
10632,15175
12117,12962
1792,7395
1792,7396
13260,65702
72197,53304
72197,565297
3580,190
12123,12989
9566,893
9833,5572
4517,37630
8202,54025
16072,66088
34314,101767
19724,52845
145220,26205
14623,2388
42297,42745
2841,2419
802,240
10375,33254
36586,10828
11321,20646
70074,1723
242,1776
9621,11649
1819,19271
1819,19272
8536,10586
8046,769
1717,2260
479,6482
9444,12881
9444,40345
824,6201
11456,23213
261023,65167
3683,190
22803,37932
285923,2294
285923,138
285923,11090
285923,16847
285923,16848
285923,141673
39437,16294
1950,323
640,488
97630,14392
9767,59026
11631,71068
32856,1201
6519,52049
8741,30715
49520,42994
1850,3974
524,1032
26389,35453
11817,70573
2123,7395
2123,7396
9907,4489
9969,61175
18239,3288
808,5524
808,12058
38050,1921
8367,8300
9390,11649
72105,52139
2898,3388
10312,4499
109443,55710
2022,32593
37686,15344
462,1884
9919,18281
187017,107446
187017,155267
628,17016
10201,59026
302699,57633
9441,10965
274167,74619
224141,17633
388,5281
2112,4723
10329,664
74465,11649
13811,21085
6877,46076
10320,26875
50646,56411
50646,56412
8920,18357
13673,18311
60308,5345
6950,5231
225574,59521
13836,58375
752,11266
6038,42994
9975,61290
11451,7312
12103,5501
60304,76927
2251,7270
46529,40256
231,2945
300671,865
228326,1265056
9754,33315
66,190
4421,578
2649,7467
588,8296
10393,26502
71552,68843
71552,68844
9631,37932
216282,93214
306,4610
928,4600
205587,42994
6623,51984
1577,17649
9801,20237
2116,21712
9624,23880
14199,2294
1907,2034
4599,1201
22832,11266
10390,7623
9879,41550
38579,46076
44603,190
11892,23393
9691,7187
1248,16785
12220,3026
72710,8685
10782,1090
9573,190
4959,1071
10061,11770
10386,7087
421,5655
316152,23964
11615,9168
13498,18356
241554,59521
2252,224
11968,57082
10047,59
38319,64141
69668,53334
9770,27436
11212,56059
10533,8965
38363,11694
9923,893
11863,15175
18501,20192
18501,20193
109491,2163
9275,518
329833,7399
12634,58294
10416,5342
47327,27226
15268,10765
10796,57134
9548,16938
18947,7018
1900,1884
89,488
96724,36588
198184,82194
9481,13015
4547,7467
53953,41270
6415,17883
181283,125738
9896,3415
167,1978
11232,366
1636,1524
2148,1776
5176,366
260346,75035
1389,1884
9894,7399
7504,4760
8592,6449
913,1090
11091,14911
1368,16544
593,8452
5393,31093
5393,133293
5393,142587
9095,3224
8874,3045
11467,18311
320,525
199,2388
20533,8029
10684,9181
1624,4499
325789,144221
113464,9855
888,13581
82675,75035
4256,12987
1493,18281
88751,9622
11130,1201
9944,6349
10731,5572
7350,3026
9869,13015
4379,36797
146233,137427
2034,20907
926,15002
4248,35689
64328,26205
36647,10808
7214,52038
1537,7017
9360,26648
6282,48980
508,7018
9487,7
9487,7879
768,11447
768,11448
2636,26648
10478,4037
27983,16745
9981,54584
7453,52842
15045,54644
7737,52968
232672,57370
17379,39819
8987,323
11359,7908
82525,1152
9759,4755
9486,7791
9906,60237
841,5602
4688,16391
4148,39
2207,7187
9381,2406
9625,35155
9304,1524
20856,79656
5955,2228
9899,60129
9826,18254
21355,879
10858,1152
11439,3556
9457,7775
12412,5281
1494,607
13184,21905
13184,31033
2185,5174
6639,10723
38153,16566
58233,56710
116977,43518
68734,880
5503,12989
27573,17167
819,8246
1369,16566
9623,18069
10895,11426
10895,11429
10935,12114
834,3950
228066,2291
711,5216
10468,31024
10027,18865
11812,11873
37233,2226
37950,58552
27582,12786
64688,107446
64688,155267
509,7017
7443,7314
7443,53304
5966,17871
11066,68215
136795,116805
8095,10601
87826,57370
11560,21712
25189,10400
2637,11676
18480,6767
709,10179
49730,19850
2749,27846
9607,58164
9607,58165
1830,8685
79,607
54054,114597
228967,19274
228967,54734
46528,141169
27936,2419
65,323
280391,2408
9476,4723
10610,64901
745,11614
49527,72344
73937,5065
1885,16513
168672,17883
18240,29214
10398,5696
165,24
240832,59
216015,1137903
12279,2294
1645,5572
11007,17825
193756,36602
11287,14911
259693,2127
37799,7467
10184,29009
4257,12987
4234,5140
196,24
257091,52803
6114,1776
24803,9248
109410,4723
1213,2239
100042,7395
100042,7396
9036,664
257211,17698
323675,20400
9361,638
1677,18596
187,2294
187,2293
7461,43141
16538,17871
9889,7395
9889,7396
820,1152
11565,61175
6073,1704
16996,58552
193610,11151
19912,4755
296098,488
8007,12028
32823,52934
4380,36804
11551,4600
10336,87130
11362,8300
50348,144221
48138,59521
1124,525
227159,74619
68179,1098477
1579,2461
708,10179
34851,41671
9930,8858
1586,508
2044,21031
9913,1978
71864,3290
10761,66548
209451,190
11975,1776
4970,2406
11831,488
9096,1090
440,6037
440,6038
11011,18281
10641,6720
11172,18323
39513,54733
82687,29214
41446,5140
8224,5572
10537,1152
225886,51851
10385,3092
55779,93214
10154,64030
10647,51984
11431,7395
11431,7396
8457,32593
188161,52139
8850,52968
64685,468
38357,7017
10060,53334
11398,25735
1833,10965
10391,26713
8970,54967
9306,13776
9306,42175
11370,37710
12184,71570
1921,19969
1683,2042
203,1032
11858,14911
62835,75035
18937,50582
13536,30365
15556,11472
10718,66823
11062,23213
10802,10491
1887,1769
6071,23393
10461,56435
80278,51894
12704,58251
10315,5655
16643,18356
2687,11770
194,2419
11025,66960
8849,56106
78698,29009
30943,140354
9544,57898
24418,3289
7288,518
14655,72024
24575,52094
10366,18889
19898,54559
4965,5501
15074,25735
56715,64909
1272,2034
72358,53177
20542,86295
20542,86296
266396,35453
9978,61357
8271,40256
10428,1978
5353,44740
11934,1223
14392,56739
14392,76812
19495,71871
19495,84736
110415,21684
77459,65629
26486,2689
9495,21085
256040,147021
24420,57270
1257,7145
62214,510
16320,12891
8842,17764
9531,10586
64807,13426
12289,11401
11529,17167
20943,36797
9099,21217
9488,2294
193,2380
44865,12453
55787,10943
257932,1496406
10400,13563
1957,10781
10833,58178
256961,58375
5852,46085
12312,58072
622,3556
11306,10781
12508,18356
25793,20019
10534,578
1091,11770
87421,28239
10871,7671
13503,58712
13600,57193
68722,4762
14324,33317
14325,5501
299687,111588
312221,1056121
23168,880
76494,64045
4944,1223
4944,1224
10488,66218
10488,66219
96721,6159
334,4762
23742,19303
259694,63820
62837,1270
8966,19850
8470,11151
11001,56911
138832,57633
16911,80999
2163,7213
36670,10930
23048,3227
227735,1270
2155,13776
8409,37932
222936,11649
31908,3026
10219,33433
48171,29605
782,8685
75531,41550
11802,71267
9776,2632
18785,57130
365222,63571
817,6737
268,510
45054,8965
943,7187
22881,54040
10054,2294
51540,71600
44264,1223
44264,1224
350,5065
152,1744
109431,71600
1598,1032
8065,36797
271718,41039
11638,70777
409,2239
2118,323
11459,64151
10806,7908
9348,21370
377,5140
8843,56512
9313,2460
39486,2460
1273,19499
13920,53178
50544,82511
325133,52934
140823,54040
1883,5281
89492,41039
22949,68573
12437,3964
2959,29009
9957,17494
11648,70738
9366,10723
1576,4014
609,10051
5516,1223
5516,1224
13051,12028
49530,8685
34806,113225
49022,65734
11469,40243
23479,12964
11667,1726
423,3556
2447,19850
10066,59521
2288,5342
88794,190
13515,59291
11979,28741
169,2042
8090,17812
11622,28904
3604,17281
9541,19303
94348,18878
8197,190
336004,90812
35019,113600
10410,518
8836,12524
14442,62514
321741,1192754
59965,6482
14175,80691
11004,323
11918,35796
98357,11448
10012,5140
49526,508
268920,29214
9093,37630
119283,18596
11823,33315
35169,11873
118957,64163
849,12804
4515,4135
18886,8328
6575,51851
6440,5306
13496,56911
18320,69371
22787,58498
8967,30715
37498,26760
144336,19769
9616,4723
13056,56359
14113,18357
285783,24
49478,17268
9726,578
20763,7187
9702,18596
9311,19684
9280,1150
26843,66203
11876,25950
22267,1614
45958,223
1969,20307
1969,20308
310706,814
198663,1179066
239573,1375201
10436,1032
1381,6431
2162,22100
127493,12786
12429,608
228205,66121
2900,29524
21311,58220
77875,20646
192136,71570
18254,6449
881,3026
10877,10765
9600,1215
202575,76100
202575,1324172
71469,10855
85446,932088
326,4755
10685,66604
7220,876
9763,33279
72387,52358
12596,10723
1892,19800
13460,57581
8055,468
50647,22214
10719,15277
9294,12962
11888,13581
9647,7187
9353,53925
55721,116805
109414,19274
109414,54734
10307,11809
11978,66121
22907,97026
87567,52599
38322,61175
45612,81850
7305,664
3594,5572
157841,2419
11519,488
12920,53176
59,224
9335,18865
12106,7623
11141,7791
8649,1032
31867,114404
10253,64331
3587,13563
124459,93419
24662,61411
32274,504
182,1884
5494,43673
28,1776
38073,96439
2054,18356
302156,81476
606,2226
87502,24
698,10076
120467,5655
11313,33433
6488,664
10559,17812
296099,52935
296099,1236679
8012,5174
1574,17633
9032,17494
2770,7409
862,7879
1637,2209
72570,566328
27569,56717
10637,52358
1669,1090
132363,20019
9472,57633
2907,5174
9273,4489
9880,1201
2925,28904
807,7467
17654,82194
11836,70651
322,190
70,190
9535,1524
11036,11151
6557,29214
18126,36804
16340,80540
10333,10400
4476,9181
22947,52443
2755,13235
82654,56661
59967,67367
16300,3288
16300,3289
9598,58137
82696,5065
9870,52934
8292,6482
8780,14172
9715,2178
10521,17046
10762,32593
10096,17046
59436,1243
227783,1262197
4133,34849
10207,46085
172,1748
21972,79656
36593,13426
707,10179
533,7314
533,7313
6023,2163
6439,50582
4347,36588
37056,17046
4105,578
76489,7395
76489,7396
3933,510
3933,34891
9918,60496
273481,137427
307081,20907
16871,7623
293863,109745
13156,77919
41233,54507
9266,57082
1262,12995
4513,27571
22970,47506
7278,35694
7278,35734
9013,769
865,12988
10776,7908
50456,36588
9823,26714
59861,31
133805,2836
12763,60024
9766,18500
14034,54967
12244,71923
109421,1884
11137,63713
51162,227438
51162,227439
10152,58868
9452,6449
239566,55789
53113,21712
9271,57090
4474,8858
184346,55499
48340,59126
14846,42274
72207,52934
16232,80215
43539,455
9920,13927
8978,58324
11702,20907
18550,40230
8869,56150
43347,9181
3489,18250
9701,15287
2122,26502
37707,5877
10658,686
13150,77003
9042,44179
17813,3026
11208,2291
58151,50767
11400,30715
10350,20305
28902,17016
14164,57134
76640,543568
11058,6361
14844,80307
57089,108952
1947,5306
8054,280
46829,137475
146238,144221
9989,7791
9665,9181
311,4385
102362,19346
11162,28898
6016,17016
17186,72258
13967,58137
2008,20640
9053,35452
4512,37618
76349,18897
76349,143217
31203,64575
265208,12786
45610,12995
50135,57035
50135,66942
1874,19684
271331,21126
215211,16919
367961,1565981
10955,67750
223702,12080
223702,142587
254470,9281
69,366
4967,819
9449,18357
11499,6159
4912,1461
12771,68215
323676,170820
12506,4786
24071,8844
11249,65677
9667,40307
812,15810
812,15811
277216,37932
87,488
14444,86439
14444,110873
2043,7256
315664,3224
1428,2294
562,1090
15373,22214
318846,55710
26320,1614
14292,77003
924,15217
2018,20739
192577,70100
9428,5655
2832,366
137093,12962
699,10179
9778,36804
8831,37710
9398,7399
112949,5306
10439,65310
3638,33433
23483,957
62206,91268
10577,27226
218778,61069
4348,36588
78,578
11780,30365
192102,36425
2001,20561
10383,492
11516,20030
10025,18281
15198,6737
23172,13581
17834,12964
10016,11770
10317,64141
58431,58552
9746,1032
13092,74159
59859,55075
13495,127823
254473,928490
700,10179
4964,41039
10024,11151
13490,72024
15927,12238
1259,36693
5125,13079
174,1788
9583,17397
9437,5501
525,4610
10188,64140
63574,18342
245,3288
245,3289
9825,58712
186,2291
9549,648
61891,6046
34584,5231
2666,21085
12783,73460
13155,154
42807,564
28355,54559
8080,17279
5126,736
56288,2294
303858,1038
1613,17268
31582,5572
16617,16938
8944,8246
41488,13563
37028,11181
14560,52112
10330,54050
6957,41039
1934,18844
169917,2199
951,8858
10189,64141
9454,17167
2055,1269
1551,5572
5902,4786
11460,5140
9358,4755
134,1223
22894,116357
134374,865
1901,3289
15028,2388
11509,8844
7445,53334
17047,36083
62838,1201
2057,21136
70436,11266
16784,18281
8011,53599
31640,19450
9092,56956
2779,1243
316002,17883
316002,1410294
36355,129941
238615,56512
1985,8557
615,2461
788,10965
380,8246
13223,190
10523,1152
8681,35453
239571,52405
619,8843
424,488
50014,55789
162903,15557
11024,1215
208763,238220
6466,17268
254024,172
12589,60237
7191,32278
1497,59649
117,1150
6977,1223
6977,1224
168530,20400
634,9158
392,5306
10327,76247
88042,58375
41630,8858
11969,16566
2085,10765
794,7187
9286,57134
77877,33433
1265,36697
866,12995
175555,80602
75174,40223
11096,15337
8699,55710
769,1032
10923,21981
11283,64045
111,1150
11676,4489
746,4956
77866,67813
9416,11091
7345,4762
14317,78488
14317,78485
20694,86439
20694,86437
12277,72024
9779,29009
2140,21931
12620,66563
14177,62116
198185,50767
227156,13015
10735,66960
11351,56349
10030,1098
10623,10765
590,468
9655,58375
1268,16356
11237,56998
190955,19866
5123,41285
4518,37630
11932,17268
11165,2087
11165,31074
11165,68412
6116,47974
57431,64141
21724,59229
278,4027
9290,18254
11543,7395
11543,7396
284536,77357
152737,47333
13374,125544
8976,24248
319888,974
9469,5281
1909,25210
22971,5306
34813,31119
46261,135601
10431,65190
8051,4762
9352,57405
10167,27005
18147,116805
17170,14838
18975,18308
15487,2053
22825,1577
11152,68352
1831,19304
43931,5140
10591,65734
10861,26767
12770,73499
276907,4723
10074,62854
65055,4755
10397,9168
200505,8858
11954,10051
60309,4135
9787,19850
293646,437833
6978,11770
133698,8392
59440,77003
1770,17016
10655,66088
8988,2836
15992,2945
17707,42171
77883,22676
40001,24318
64639,21526
9903,5306
21338,63709
20766,53333
24264,6778
19803,74062
20309,7409
9912,21370
9067,56891
27360,109695
8338,8557
168705,23799
72113,3556
9729,56205
94352,5524
22256,11057
12404,564
152742,65314
11699,6818
49953,76100
48034,19866
39845,18596
25353,93592
25353,151175
25353,1051654
36696,115999
36696,116000
109091,578
38543,83730
33157,38131
290864,70703
242166,16214
859,3224
83770,8574
168,1749
1246,16483
4233,5140
174751,77003
184098,20400
2069,21217
1788,18378
11635,57130
177,280
3600,33279
2621,5149
10358,19303
10480,58689
10313,31511
18828,21792
3558,366
13476,36797
10208,49903
24961,39996
20697,53177
20761,4037
70868,32983
43593,59291
6478,1979
40688,72258
26672,116100
45881,130482
41283,66121
4935,608
19908,91268
10663,57370
1891,10930
9737,865
37137,12987
9532,57134
10316,1461
2787,28239
12658,3417
152601,5953
10866,21053
227707,558177
21349,39819
19150,84165
70435,1884
580,15663
9819,59635
13579,29783
20024,17016
2453,18254
6973,455
11156,48583
354110,25873
22215,3224
11632,6495
30596,70703
3021,29605
957,14639
256917,934
251,3415
544,7395
544,7396
11395,58072
14635,54040
13680,58375
688,190
11090,65734
783,4786
228194,5306
1642,11472
10950,16853
235260,235820
277,3950
8999,29605
11323,1884
10445,4786
11453,69498
146239,1375201
205588,113600
10878,17494
82650,33183
10279,5281
2294,19303
2176,12632
270487,1223
270487,1224
19366,13614
19366,13615
204082,5501
24100,15868
1599,17883
5550,44056
30379,84981
30379,1318092
42586,1927
17709,28904
287948,928490
7548,52894
9075,10491
11661,70221
109513,51298
109513,140372
12085,17397
204922,17608
38985,15175
44113,96166
21494,64575
164457,65167
4566,19242
17795,13426
1073,11676
153158,84714
81836,1243
10724,190
9473,34517
2196,7908
1499,76418
20857,53177
82693,17883
1646,2163
44944,80602
4108,18865
4108,35452
8456,55075
7341,102634
19255,39
10187,64139
31005,11887
49517,74396
44857,72624
50780,1038
16363,4967
1946,224
85,488
772,10965
840,488
9682,58514
96,893
10678,20739
274,16294
8872,58448
16290,56578
579,16187
14405,1215
138843,2127
11637,13581
226486,170820
1584,564
9312,4014
12153,35689
65057,13235
8326,12989
35690,114597
76203,72757
13497,80215
35688,80602
162,510
296096,1096867
103370,80602
1051,15175
376659,52114
376659,226089
10073,35694
10073,35734
16690,1027737
16690,1027738
273895,929825
14873,142007
8968,56435
9963,61087
15655,93301
21208,59521
272878,52358
9760,35694
9760,35734
314365,17867
13279,58689
1975,20310
33644,70777
1649,18357
9895,8246
9570,47893
27579,45052
16052,16395
40264,35694
40264,35734
1164,223
239678,17825
14359,26095
3989,34517
76617,97026
1710,15148
4258,72024
20391,86051
10139,5216
335778,8300
9645,57521
55465,222470
617,9200
19904,45627
48289,18844
243,3224
6933,51445
17182,19304
8848,21370
38,201
38303,58375
1266,19769
107985,11090
14043,41549
19901,56501
19901,56502
34016,111686
59860,56789
10069,62768
9588,18254
12819,61970
12819,131242
9954,16938
10115,53014
25132,2294
577,5216
328387,142272
328387,142276
12690,228
9945,11770
539,2636
13596,26502
226857,129718
13159,1201
47941,54590
526,7187
22796,16837
2355,24173
5915,2228
9842,57130
61012,69593
755,2294
13682,73161
9089,1038
9470,57607
18357,64149
7979,12995
470,223
15644,1216735
9582,58059
10642,57434
22074,17087
2428,18738
290751,21807
13805,35694
13805,35734
4597,41671
9414,15148
63492,57199
81796,936154
81796,1311595
10710,8246
15092,20192
15092,20193
11382,1243
15005,87178
8198,13015
6963,1704
15070,1723
12797,508
17134,16938
41402,32278
18885,36147
4953,201
10773,3224
146198,53333
2639,1243
10563,66039
295964,47333
5971,17016
9716,1243
11835,2127
26171,64045
31117,12698
9074,56911
14396,56911
15673,15045
42618,66777
171274,4762
24432,53332
24432,80537
24432,80538
109417,1046142
13948,12987
106747,2294
10929,58403
14220,66563
46435,65452
256962,72960
48231,224
3509,564
82684,323
82684,10781
12142,23799
23367,18342
10740,66728
241239,556172
14582,84021
14914,15219
3902,16863
77948,74924
21755,67367
4960,202
128,608
14652,25950
40932,47503
16608,53333
334531,44848
32316,24318
7299,13927
13405,1724
19457,20561
112937,116370
314385,11701
8953,185
29078,44847
46503,23287
10448,8300
13688,57607
10353,64909
43935,19499
11458,69696
44638,16391
241257,19840
14538,57832
13250,77964
133931,1098107
280871,1339129
239897,1275019
184341,57454
334074,11266
199373,1179590
14202,96166
6968,15868
581,1269
52449,51851
12150,23213
11247,68770
4232,5140
9378,57521
694,240
105,24
11377,57898
26367,80602
385383,1585252
41210,60922
41210,60923
12090,17825
62630,7256
16110,113733
29427,52609
129,608
244114,70110
2669,21370
203833,126945
13523,74619
25195,26481
17277,40199
50725,71280
82631,84061
73191,716
22479,9789
340611,1617
10065,62721
2757,5953
11683,14999
244339,21905
244339,31033
1878,280
23082,17835
23082,1551346
195589,52934
854,26713
2280,14911
496,6767
8835,36797
157,1749
8643,55499
10402,64151
218043,15358
9043,56789
21301,70777
10147,17447
816,6737
302688,64045
60307,33183
106,1090
279,3974
8617,45627
10625,54050
10934,36805
5279,9789
10013,1776
194662,223
160588,1243
9829,25598
10028,62116
10535,65548
790,11770
43959,129952
10364,5342
16991,54710
9610,2087
1578,1032
25643,62541
11904,8246
28665,101518
44115,2034
10569,1243
10560,55476
333348,16853
20483,86203
20483,86194
20483,86195
11457,11472
321697,2034
19840,10965
22327,61069
38665,12846
2575,19665
11644,1150
146227,61921
68924,1614
253235,3026
22102,67897
18701,225898
10068,7270
848,12677
36811,52405
522,510
130150,52443
12246,130938
13809,956
27380,67767
10549,11181
33870,5696
245703,71872
10739,1243
127560,97942
37903,6011
396152,12714
10017,56173
11468,40256
193613,41671
17436,57030
43434,21678
31166,107730
69848,57154
8408,14999
332411,26713
9389,57557
9626,2087
75638,95320
8363,54733
15670,80602
290555,10995
8328,54507
10982,61373
10982,61371
10982,61372
205,2589
1620,18184
175541,51864
241254,1024823
31932,2876
1933,19840
679,2710
11113,14674
3597,33254
193893,65734
9675,13235
9988,52049
948,11770
21765,89113
146304,72024
7516,40223
41439,2150
2752,7145
9429,58316
38117,84061
9792,59291
13778,54967
228203,15287
41382,130687
13960,75687
114150,168667
26602,53178
10223,7623
16028,57895
15639,130822
16112,150641
26390,20907
27759,2765
27759,67619
109428,932248
23049,18281
9310,3289
11411,64508
16988,190339
7304,19000
24747,63943
58048,134639
1491,17329
2989,29342
10629,5572
255343,40541
4723,1577
10800,66856
10800,66857
25763,30422
79694,587800
4032,34611
18615,67795
10673,1152
4584,1614
2977,29226
10760,54597
11093,78118
207,2690
8467,7395
8467,7396
639,3026
24226,39996
9285,57130
14709,53177
74643,67717
13788,3893
83666,5655
10781,66739
318850,110618
13908,20824
1417,10828
39180,61175
16161,6482
49950,143079
10956,66960
9594,16590
4638,11090
13972,76230
5038,1243
13491,75043
10571,64815
10994,67781
19994,54025
25166,17278
30890,1243
23169,16834
17403,51600
12120,24318
9800,16294
1090,15361
18475,302339
40160,7501
18074,173607
9689,1243
9781,50583
8009,52968
3877,1011
8854,19142
152599,20561
18840,54441
68727,2034
12657,73832
8265,37627
8265,54176
12410,72133
34647,14597
73935,57434
28178,5306
185567,69987
264656,2176
35696,114646
16351,56205
38717,140151
18777,58667
2110,21647
9035,15218
90,769
771,10965
12154,1749
9576,2226
744,893
146,1614
14,39
45269,70500
9493,8858
22556,145304
873,488
33196,87537
205596,77965
10765,34611
16769,10781
33217,109857
132232,1113116
11153,1524
208134,56578
1165,3224
4011,510
17202,80602
9587,58094
65086,63306
10053,12786
11870,17825
11778,12114
586,8246
18736,19228
134411,76422
287903,11012
9276,2294
15765,18069
2142,366
11397,57604
77016,19769
11478,18878
266856,76998
13411,61175
10564,34481
947,12238
24150,16848
228970,69371
18405,94108
6961,51600
11442,33341
2493,3026
14047,5292
64690,21183
11132,58628
17127,55476
1562,17597
232679,52038
17880,39819
14736,71947
9434,58294
23706,78562
11531,69237
9100,41549
116,1243
38843,1223175
1245,54441
4995,4762
10413,57895
14012,50460
9793,58260
12212,9039
13768,46297
8975,56453
342521,136153
45272,129718
9424,33316
97367,139098
254904,21370
18681,27889
12162,14392
11495,67753
64689,37618
157849,45052
13166,36423
15511,78298
37003,11676
37003,1670361
12211,71901
13816,75646
51828,1176
22798,69597
7501,16304
7501,16305
10743,15890
37718,13
15237,11472
9686,1776
9686,1032
9686,1243
17644,104507
97430,150
12257,15002
13539,1219210
68,280
14024,129952
115,1223
7874,53267
4911,4037
1988,172
16222,161858
9557,57962
9026,56710
57943,29648
18276,151232
8321,54472
72359,84124
10186,57630
25704,12058
133694,5216
19265,1243
36047,56263
8053,2176
2290,18204
5236,1108
6552,50719
1018,5602
10075,62872
38031,1243
42188,57446
112430,30149
6687,37948
13853,1044
31306,3131
8461,6011
331592,1498767
47692,56205
19,68
10045,35453
400,5501
253450,64992
9104,57030
11190,68519
16353,57207
16353,57274
23759,57581
24206,52968
10185,45996
75033,16730
74536,53935
31668,15115
13501,122582
15208,78001
172391,1199049
262543,119953
9288,21394
370980,59911
20083,240150
40880,22669
137,1524
264999,119665
454,6201
53457,144519
288980,1219769
33,190
1951,42
12405,2034
10998,7270
114,1201
9396,57594
319910,99710
2604,1152
864,12962
14435,27226
1931,31119
691,10076
9877,59958
62008,80602
12227,8876
13824,73499
71688,71068
15173,78297
15173,78298
8291,6482
13950,34453
12158,5140
11586,19665
10008,61921
2830,12987
12403,28239
34563,51866
14557,111247
10368,24657
10280,64796
12637,1032
34152,5281
14434,2632
11470,69579
10741,2880
24940,54050
82679,168798
2013,7482
1440,5010
18041,19012
28029,3417
1123,13015
14033,56913
87729,54441
16899,27889
41317,66222
245700,65452
37842,11983
9045,27436
44092,11401
44092,554948
16005,17329
44754,30711
23988,73833
43949,3026
142,1614
9603,57434
10712,16863
243938,3227
10876,648
86838,54472
25208,51864
613,7832
1913,19840
97370,66728
801,8246
70829,64331
54518,54507
44214,6431
240,1776
9816,52038
10131,16938
339984,437833
8859,56591
11967,56828
239563,1141683
222899,3227
4951,40243
10985,7397
9644,56953
332567,59521
1954,20218
1954,20219
15489,58059
15250,76705
22345,12698
9448,58036
38223,18320
11186,65678
136835,134156
5876,4027
264660,2036
492,5953
25462,66116
238603,1101410
10691,57082
1251,190
5172,41887
58680,56714
264644,83281
14577,72450
11592,10367
16406,41549
19052,34692
3682,33541
9683,58518
2084,21339
107811,52114
107811,226089
2266,90
2266,1357
2266,1071
2266,1223
2266,1224
2266,2163
2266,5140
2266,5216
2266,5877
2266,6220
2266,8574
2266,11218
2266,13235
2266,16927
2266,21768
2266,21769
2266,21126
2266,21678
2266,21681
2266,21683
2266,21771
13074,21526
144340,3289
48217,37626
28211,56205
47502,47773
9950,39996
84892,19311
24227,82033
9672,32983
44853,172
157544,20193
59678,155531
79777,11701
158011,37948
407887,78866
17043,944713
8952,56411
8952,56412
62204,2352
13435,5292
17187,52405
319,893
59457,227936
9504,15890
37414,172
6217,1035
26688,130837
43867,31497
43867,32427
6615,50767
14574,55299
16,42
39780,58094
21612,39104
36691,16304
36691,16305
23631,2294
23631,61847
45324,37852
12144,40345
11658,64883
56601,56506
9552,15175
578,488
2105,3288
2105,3289
126319,126597
126319,126599
126319,1092607
10136,12964
67660,20400
10611,20400
154,1788
3049,4499
860,12840
9281,2690
75674,90429
75674,293911
9762,29214
3179,17403
184,138
13335,68843
13335,68844
76726,934803
10269,10400
36819,280
17130,57691
57214,1299380
11202,13265
9357,57446
13812,77147
9030,56735
9030,56736
19084,234818
8386,54584
10437,65298
1360,16391
101267,1027017
101267,1027018
222935,1053420
10220,21053
284296,2632
31915,13776
11601,508
205220,3224
11354,24173
16241,13265
14191,1223175
286565,836732
26710,232937
129670,13235
9059,15521
34549,49903
57157,52443
1948,20192
1948,20193
28353,229097
46889,2163
38093,64140
14976,16294
11027,19450
3635,16785
387,5231
6020,486
122906,7018
9550,607
60599,81856
227719,1099862
14299,81727
19419,7130
19419,7131
12088,27991
14799,13524
9466,1243
7510,52779
31246,64815
61752,5281
10944,10757
10362,20561
14778,64061
1255,21684
45226,1724
10212,42617
8669,10395
179144,56194
16857,42518
86825,10099
844,12453
8060,53708
15907,68212
38448,17016
327,3317
9260,19271
9260,19272
61337,39996
13079,78118
89325,8844
4170,5192
41508,47275
12479,72427
44555,607
10133,5877
21345,92015
173931,1438306
61984,43652
50601,16938
26466,41041
345003,1128550
236751,2460
107,956
357837,29700
8913,56263
13889,5026
18530,83224
358451,103602
927,4600
11,1
291870,6733
907,12238
206563,468
11887,65310
45317,17883
12094,56578
10377,21217
249164,1284493
256092,84981
9942,12920
10748,21677
10748,56710
1817,5572
10229,20739
687,504
796,11873
22804,2150
10156,14639
12837,71947
17708,123694
13937,1150
28932,13563
31909,10051
167073,77269
3175,240
14369,82221
14369,82222
16888,68215
121826,4483
10646,50942
12149,2053
304357,133502
11184,15557
766,7623
20009,113641
1587,5306
30973,107414
11109,65452
9027,56714
63020,6495
86829,1223
86829,1224
11065,1462
13888,83467
42345,18854
13994,1241
1590,1128
62728,17608
11917,2679
45138,132257
80271,229568
4657,38774
14395,35736
24137,56710
190847,90508
11056,54525
62,240
601,488
13067,30368
25379,135534
88641,67834
58051,14086
14877,56828
96399,112630
304410,85340
489,5216
373314,432629
214,2675
10890,8858
1588,59026
316727,53120
10314,64815
663,2675
11804,61357
16781,80602
11873,1032
9289,9894
9289,35318
9289,57142
10414,18356
1970,20310
9614,17494
8922,56349
1648,18356
17917,15378
74534,18844
19405,141706
9355,20629
9355,57433
10999,67753
321258,62768
44040,77147
10426,65133
280092,2128
13938,77300
10163,57090
12182,71548
1832,19303
9034,12648
15301,488
15301,4600
15301,4610
15301,20629
10135,63943
26352,35689
20616,15337
9794,47364
15037,13614
15037,13615
227,1776
294272,592493
11336,224
283445,145142
88036,225556
10984,59958
22824,62369
9526,9789
39349,78997
15983,64195
14544,72024
11545,5655
42684,6037
42684,6038
268238,18844
8359,55439
15648,68770
41823,5281
11891,4489
9362,33485
9902,60243
14729,1723
9455,15890
103731,71872
10090,59413
164558,57492
19905,57692
17710,1409418
75900,133502
9515,44740
27322,120515
328425,33192
14120,307546
10050,62514
1542,17403
10490,59412
87093,510
10029,36602
9893,54597
11507,1150
37931,62863
3472,3224
87818,2171
87818,7396
87818,9281
87818,15218
87818,32593
87818,11091
87818,52112
87818,141825
87818,938681
87818,938682
87818,1272994
87818,1579630
13160,57173
88005,71551
52067,61069
73,814
134597,51023
24034,1082114
14283,78012
404,5602
13201,65390
209403,23532
7942,14409
73247,83198
253331,24173
34043,60045
9952,6818
256924,15892
82532,45405
82532,45407
41110,78160
134371,21475
2088,21377
10388,1884
1640,455
25520,93911
27342,23858
13689,56349
67911,66512
24664,5281
329440,1300274
47890,13265
252512,5656
55720,3288
9613,224
29076,95818
29339,32983
68812,81476
32740,1032103
14195,10367
73567,15175
41479,126910
15394,228797
10071,59410
1989,12453
91076,1241
12779,956
13191,93047
11770,57607
12703,22461
64559,19069
222649,12219
115872,37577
101173,5469
25350,11013
10034,141450
20178,95024
5072,41041
18191,27991
31007,65317
11546,69801
41894,7671
184374,1432207
268171,28898
78149,55948
78149,133259
24663,17845
39037,129716
22805,89395
39055,56506
245846,219961
25186,65133
15017,69144
12245,57865
49787,81328
16358,4910
7006,27226
66767,31120
17622,22140
283671,1291685
283671,1395853
18516,1035
217708,42092
42057,6220
17577,25527
14608,87121
34417,1434341
15067,543568
78383,71901
43090,107630
16614,54733
9700,1271
10471,52112
250066,232858
667,10076
208869,63052
86837,6011
10306,33094
106845,1040955
11576,4081
219,309
11827,70616
22820,53925
31174,33315
244316,2679
37737,119819
62215,42
66125,110427
132316,35770
348,578
30497,10051
27586,98521
14811,13563
660,9855
68684,66823
40794,72197
9400,37932
16162,72024
10585,64796
2359,17087
238636,53120
10472,65627
11282,56591
6521,21526
14181,24294
1621,4610
9656,58403
16428,74063
10705,11181
8272,54240
24621,1214860
1619,9033
9685,58552
14425,7678
14624,87178
10179,59023
15568,19012
14057,86203
12621,41549
1808,16863
293670,1296119
67675,101518
27329,565524
29514,14999
29514,4955
250349,121588
12454,65452
39806,59923
15699,57630
8883,56195
17926,1045480
291081,29226
41248,96627
25968,47201
9671,58453
52010,145169
11588,33036
43418,75544
71157,64210
13483,74569
333355,185438
327833,49605
1547,5572
25196,65167
16323,21958
175528,109692
8069,53767
71805,22558
9451,13235
16727,6495
272693,991868
10696,6198
150202,51795
19644,85006
29963,10757
26022,35736
152747,556172
62676,102445
20360,88142
1116,15488
185008,87378
11620,9054
11620,40199
14353,2675
11818,70579
11818,70580
680,138
11176,68457
242582,57113
11217,52049
15121,1744
2619,6159
773,16959
773,16960
235,3026
170,2034
14114,127936
10734,14773
37964,51866
28121,78029
40807,56661
10885,67316
225565,1211000
16471,99339
385736,1354959
11971,11181
668,9868
11596,5140
14429,79656
13751,109640
9490,57691
14536,130128
1359,16378
9962,61069
15049,32868
22821,54795
42819,54441
209263,56539
37735,82511
59930,230059
10873,17279
51588,54597
23570,32278
19489,54590
14629,144277
8293,54441
291270,202
291270,1019303
44009,65452
1958,4387
13154,67753
26618,42994
43923,53068
43923,53069
46138,24248
45791,26481
26306,122449
110683,19244
26963,96676
26963,96677
198277,45117
7870,53212
13072,77076
153397,1134201
30141,33054
17044,33317
10288,64754
12183,36422
12183,71555
44147,21217
12192,73588
36597,115677
13197,137064
10913,4453
251321,101399
149,185
10425,27846
49081,93136
256687,228311
220488,66960
1544,17510
374461,5696
302,4387
182873,1088096
21512,7191
389425,101233
403,5696
29461,66121
33542,44916
283708,585161
9388,52443
1691,16847
24684,1176
2610,26481
11308,32765
11022,40223
34341,84021
15365,84113
36046,229198
12569,17403
24356,6767
55903,18209
2577,172
103903,107039
73873,77162
312113,968998
14165,35785
2011,20709
2011,20659
45650,4600
7735,52961
301365,21183
25941,94918
29064,102797
7326,52443
326284,5917
681,9915
238,1776
535,7270
19913,87742
713,10757
77930,1884
10727,66739
253,9915
17908,46297
8390,16328
57119,225556
3291,1461
398,5345
8068,2294
10803,20412
682,9915
10117,63709
9392,57581
24977,52159
24977,92935
79316,66681
79316,1039527
2074,17883
1696,16848
308639,51866
22314,28741
2662,16848
77156,158835
12573,1223
12573,1224
44718,58292
11342,58712
241771,71947
34653,120615
11051,1032
14578,77076
57825,6220
9555,13015
15581,27005
13006,70415
16651,86164
4251,35770
12400,1255
39053,45405
39053,45407
104896,40220
14112,1035
12271,37852
71859,83287
226354,1387618
48620,550857
33676,323
37080,77162
25388,19333
11687,64909
39210,1769
30128,36187
31535,88077
44835,131521
192134,44740
1956,5216
24985,72467
306745,71548
47088,72205
47088,72206
110402,270361
27004,96745
15013,20766
8374,54795
277519,141503
78381,1776
164372,1006810
164372,1150877
294512,107274
8879,190
13001,27745
9571,564
13649,65310
325373,646785
334527,17183
2211,22677
13919,76009
14576,77062
82505,86482
46738,137427
38970,20646
41009,109978
7347,52576
250546,26714
38415,942251
650,6482
16620,82219
25113,21278
11033,1150
34723,7775
9430,11694
8998,56539
10514,1744
10496,65420
1591,4522
76025,72757
4836,957
14631,1053020
87499,933739
18923,50460
26665,95972
28089,34110
62255,113907
5708,45052
218,2710
338,4780
21641,70500
10925,5045
2293,19303
621,8876
792,1152
1777,17087
642,9577
433,5834
16619,4135
1725,1744
1725,18868
11977,1524
20322,95458
16158,51866
629,9032
10160,2042
11452,68573
12163,6431
32275,29962
13785,13524
1103,11770
36739,5281
14144,2223
10622,62410
13370,13524
11191,18281
10215,7791
25066,141825
1523,17350
11361,32813
92591,564
57612,111085
12509,228
15256,3191
83686,51996
83686,929917
80304,589159
28053,99496
67913,65594
13991,77911
1443,1769
8545,55299
19556,84833
19556,84834
231576,5367
16172,18679
13403,17114
15797,16590
347764,80006
13537,21807
20794,67910
31064,59210
576,7767
13990,56661
11583,4782
18602,83287
27549,24757
59728,71339
10930,19069
32395,129718
58882,39819
7547,16484
35944,57630
42222,4065
13827,75882
44260,814
9282,57125
38940,124783
35689,114596
97614,15115
37206,87121
58626,228177
183894,152249
837,224
1555,17520
244783,1280037
16564,80630
168027,122728
3482,13776
135595,1102620
8982,57214
89861,20779
455,6220
57022,102445
14351,76705
147767,131856
10664,54525
10664,54526
55567,59023
9277,9577
9443,58220
16186,77441
7863,33433
138697,24045
11901,190
1548,17447
11889,36693
33155,554946
5528,43993
321,6980
4997,40508
925,5281
27451,56381
73532,16767
979,14597
193722,71080
7913,53671
253253,1288700
51995,46802
13173,22214
22908,70520
70670,77965
84204,89824
25248,83415
230266,11916
16633,16187
63006,85445
91586,2127
215,2675
333371,568322
9012,56578
345911,1302082
72571,142272
72571,142276
242512,84962
10072,26713
211954,239574
82990,142272
82990,142276
29912,33064
11843,1927
11284,56891
504,6884
173,2087
227348,54248
1955,5602
152532,69371
243940,928915
77,525
157547,551463
2295,19303
71,468
147773,105648
147773,161932
16096,67896
16096,141824
24266,1174031
16508,261271
2895,3087
15660,113799
59968,130816
323677,2042
19848,9778
256274,77147
235271,62116
45153,51864
284293,82335
284293,82337
24973,4109
21610,58040
10283,64735
8346,54644
122081,51918
10987,55116
1391,11218
747,11090
14745,48498
26748,102445
11357,56998
24913,62556
13776,8246
14854,102627
50357,77123
13090,74152
192141,77147
16441,58245
29996,29962
351819,1110102
14834,1103
22649,14855
378200,62116
20455,81718
20455,81853
13193,74259
11042,38516
10786,10586
12484,52371
17339,9915
11959,71042
9900,60149
14662,54240
335,4385
15745,15277
17431,81850
21014,83070
78394,583893
78394,583894
10217,56205
46332,72320
13996,77121
3028,29705
1024,108
343795,41887
45658,133406
16148,51851
4553,37948
36351,1035
245916,84931
27585,17114
1415,16957
1415,16958
313922,74655
14474,87191
199933,1343882
13685,5655
8744,1979
38428,120426
8847,18533
39269,2778
46838,52479
51384,989831
56930,95723
41730,66800
18442,58912
298312,11614
11600,1150
71547,568267
57876,90591
77495,54525
13849,80384
14849,18356
12486,72450
244403,3905
292481,1365766
340816,86164
78814,60045
297596,1035
299552,1404799
11935,37710
113406,40385
290825,19303
361159,1393858
12555,11720
31175,5125
12498,879
77949,582918
1690,16847
8435,172
64720,71872
49365,583023
11404,35005
300706,35595
16337,10051
11577,7767
77987,21183
40185,123912
40185,123913
68202,84437
8981,56474
10914,69168
50848,225887
166624,1148217
10822,66983
10844,67106
9336,28904
5689,8876
712,10723
13342,57434
10339,6593
1429,5281
9303,9339
9303,9340
641,6431
27686,80570
65749,96369
6106,1152
252680,844266
252680,909318
141,1577
66607,545086
17139,123150
12079,71329
39800,66605
4550,10099
62116,24481
9991,61571
13807,25236
68818,19841
12093,11037
36419,129715
281730,1352997
510,3974
362105,118463
10970,14639
375290,87296
17663,134306
270938,5917
116613,41530
11826,66728
29920,125738
1088,15287
34069,114545
34069,114546
10947,65310
47452,228797
3040,23430
11386,17016
10246,12698
29426,14999
10331,14999
153,1769
703,1243
27191,8636
1365,12995
287424,1354171
451,6111
165864,1149038
987,3146
241251,18878
40494,15378
39781,75699
8337,11770
5925,14520
8357,55420
8357,55421
146203,557179
85350,564
512,1243
13408,65134
47816,65134
10744,19000
11536,6593
9782,59210
18713,73668
6537,51894
184345,1110102
1809,8297
2370,2636
9809,59410
5,3110
5,3111
5,2294
5,138
11013,67795
19153,1491995
10132,1152
16448,13524
15122,60621
8141,21053
1546,17439
48572,19303
14517,87081
89708,68994
27551,45572
64678,119417
309503,1004172
14293,91389
15059,6111
103328,27977
157847,64141
25719,94155
48309,16938
27723,133183
20468,36083
242575,940807
44945,14409
29122,8246
125123,134156
111190,48583
133575,69099
54580,15602
52015,87082
34941,56435
227975,55018
60422,96172
81390,63052
10981,5877
225235,1210747
14902,129514
121676,108072
22301,2917
22301,13348
22301,34740
20065,12833
257087,18500
46420,136345
114635,127936
158150,106491
251979,144528
874,4065
10774,39996
770,9049
266102,1030160
29715,7767
25209,21506
37495,117794
29262,237884
34769,55587
35032,13980
5178,18823
8618,55476
3116,19304
9427,57630
813,3415
813,12936
813,12987
352978,105860
10634,37932
9516,11447
9516,11448
16288,15056
23330,7767
18900,3632
27029,4065
26268,30422
573,2636
310131,138781
40505,258199
11363,12833
3033,15557
25376,84714
22007,60099
765,7623
10615,52849
205321,85822
89540,937439
46146,135113
38007,119367
14256,585272
540,7312
370464,63852
20055,938649
224569,95550
395766,582918
39303,996070
142061,105643
370662,74058
252360,23799
256740,87183
299145,774
241766,1283831
12535,14639
1667,18525
1667,18532
50839,556172
86549,933320
13973,9048
244786,136495
598,8557
598,8559
11129,68281
75861,131668
13551,74638
103663,4453
850,12698
12586,72960
11564,67753
301748,55265
301748,76095
108346,231521
8841,17386
805,3556
11697,8500
22051,100516
436,5872
55347,17439
10070,62797
8469,4610
658,9915
125490,1081445
1585,2662
627,2034
23618,5281
41436,20133
10162,64045
1430,17087
259943,607
10014,62020
11257,54441
158015,53120
82507,55499
20337,78029
20337,161858
261,3632
1685,18635
20737,1270
10991,65428
10991,65429
10225,63550
826,12238
34086,56059
5854,2636
284,3146
10285,64743
5780,2636
292,201
223485,1062805
29463,77300
18065,134129
22013,3632
821,4081
53862,161858
3089,11435
3089,30293
30139,1039544
132344,564
15582,57436
15158,58245
44634,77300
30309,116832
7509,4760
10557,65865
23531,1058138
28005,6495
40247,56539
252,3451
24126,48965
13982,2691
16642,30715
17734,145134
18892,239418
549,7482
121986,5656
868,13079
10683,66605
17995,21792
246403,19303
670,10099
35691,114614
35691,114615
49010,141673
317930,1480591
11229,55117
22488,60438
24469,71082
82533,78188
50942,76418
84174,217587
34099,111944
79940,132856
79940,132857
342,5192
281230,84769
281230,105363
38033,119419
100975,1206
38541,18184
39563,73289
234212,223098
27404,1271492
170480,109905
71866,564082
71866,564083
192210,228041
180296,22214
157058,130051
70006,64856
26039,19665
79587,587519
176077,930627
176077,1158417
260947,57777
342502,130530
191229,20921
43213,566314
44594,131060
666,8574
248,2662
325173,78108
351043,41887
43942,19003
43942,19006
43942,57492
43942,71600
43942,71797
43942,84369
10226,59291
66942,84451
356483,117168
10476,53267
239,3146
10281,64722
630,9049
3034,14639
13025,14999
21461,85675
55306,138322
17264,68212
346081,1312905
16016,66879
16016,66880
15875,8500
5900,27875
43306,9049
11072,14639
9730,64195
209274,64194
26371,54441
14137,111745
291,4319
14139,118303
33106,17295
8875,42712
872,13284
872,13294
72914,567558
72914,567559
139038,1110102
126509,151460
126509,219861
9591,31
10676,11777
1687,9108
24748,18854
181330,559968
468,5216
401,5367
76,564
50538,130358
25636,157879
19316,84461
21074,93288
84329,836732
20,90
157386,930710
13007,6767
13518,74600
116584,133684
46849,59975
40428,123990
40428,123991
17334,61848
1698,15115
20764,91252
45132,15218
76706,110834
254472,1290942
332285,130858
49471,5281
13569,21415
7512,17403
356216,439236
11798,70520
146631,230157
43546,21506
61038,232216
78373,77919
17820,21506
74457,16214
283384,1046127
19933,108217
756,5446
756,5690
756,5691
756,11426
756,11427
756,11428
756,11429
756,11430
756,11431
756,11432
756,11434
756,226599
433715,1734565
9728,58712
9731,58822
9916,60438
309425,94471
14156,449832
43610,74878
360339,1413504
31163,107725
297621,1385666
16205,80006
887,10001
9517,51917
6007,49555
364083,1523137
8329,54525
8329,54526
69640,116832
347548,1560279
322443,1388653
657,9855
28165,78021
28165,78023
11561,1243
270303,558929
11624,1243
595,8482
8810,20629
12207,26775
226,2836
92182,640
92182,642
582,8193
72213,78040
990,14875
55604,82413
9662,21768
20862,1232592
2771,72205
2771,72206
80,564
55,223
11023,19850
33667,2746
39013,121873
11194,17350
43839,37362
1382,16860
44639,74058
301351,1257827
4816,4429
7873,19769
331190,52094
15186,1884
17994,82579
1378,17114
8885,56198
12901,74058
250124,177532
14284,86662
57120,56383
12228,16957
12228,16958
22617,89467
55561,145134
42889,120246
42889,120247
10656,59
24363,12640
13121,57055
24746,116653
12109,71280
27023,223909
22913,70520
273899,6046
67373,1736589
171759,1062889
206296,2163
35219,114004
28260,27992
7515,52856
13075,96222
335866,1454563
335866,1454564
13510,63306
215881,19850
18238,82822
22600,88970
12612,73112
50698,1310518
50698,1375066
115210,78545
34335,112289
459488,1253596
11302,1243
119458,1070340
20406,86037
20406,86038
3766,40
18616,30870
18808,40508
95755,71329
198062,68574
188652,1031972
174311,17246
12602,33542
153795,40508
17768,10586
13516,17087
98549,1018660
312793,1434686
309919,33349
299553,1378892
21309,15858
32235,41887
329540,228177
26388,95320
49020,98103
159037,115892
12838,1642
12838,66022
157293,1170143
14048,76998
356987,1108711
295886,121473
38358,120245
33511,1137903
702,2746
935,240
542,7348
84175,223516
1705,18669
62677,94831
50875,21657
260778,588015
58492,57492
44562,196769
37232,115309
4929,18635
36334,3632
9783,41621
386826,94917
205126,1187609
98557,1018699
104,1071
10894,51534
246449,115585
32579,437833
1688,18669
1999,5010
43947,88039
24066,942084
9709,64194
191714,1117026
25312,57206
34106,2662
11426,4065
13909,8500
206284,1156260
27455,54827
66468,155747
7973,53431
283686,1346215
15976,160
592,1776
74084,231345
1651,1650
25428,6163
298584,22239
10758,66496
11690,70250
3083,2662
9344,51917
10707,5656
15647,76247
308529,57082
4174,2636
20156,56205
9464,22461
49018,2127
13820,31493
18079,74907
127918,1085923
17113,41670
129139,1088647
507,8297
4012,30458
14054,64141
323271,1501366
10972,37948
13066,60074
66025,550858
11908,70890
3082,13848
39541,285452
1961,11357
51820,66116
291362,76245
291362,76248
30082,53708
72913,102445
23963,55189
29406,105313
104755,16848
253306,1288796
29595,51521
46729,1375378
294600,991853
137347,55520
290370,52044
426469,1002001
356841,1169157
301325,61111
347755,70076
408,5446
44413,56208
39209,64114
48463,11011
394047,474199
312791,80006
312791,80013
266034,8789
280381,22012
2661,27728
100,956
218500,86293
309,4453
27845,884
25784,143430
52790,39822
100275,1024216
295914,1372345
42033,144430
42033,1109245
19187,557818
46415,631226
38570,130051
27588,971918
223,2636
9725,58712
28580,3146
23730,90525
84197,133790
84197,930627
46256,932013
19997,37360
43266,8500
278316,5281
1412,1884
176,2127
39939,52049
357834,1504620
215924,1200528
480,6495
14295,30711
11219,2636
20770,59466
176124,55441
500,138
60400,80570
429,4385
310569,550280
98369,440517
89750,135534
49951,233519
86331,128712
355629,1499089
16433,108497
15544,66514
15544,66517
43884,4109
107315,1041549
13064,12523
59917,15531
157422,204325
310933,479587
7553,52941
12877,70520
39895,31621
55616,97579
29697,93916
50037,1044250
94329,142013
53502,24528
53502,92490
202604,1184745
289,4109
27374,97591
26815,76447
811,12112
1366,16513
244776,1280031
5769,32765
277685,86688
103,1032
11298,4600
646,9855
93856,999812
9003,31211
347126,937340
10092,55075
10643,50651
46705,139098
546,7426
76487,62768
5722,4590
39833,89216
1781,19012
18712,93905
7944,1032
171424,16847
361475,1521130
113947,168330
18570,95687
83860,909318
83860,930212
41469,37948
244772,303056
50837,527607
248774,1284099
10183,64131
159014,228643
32456,56381
49963,56539
13508,74589
22597,88967
9707,58245
37532,82286
26791,114925
56666,224751
8675,34517
13132,64141
46989,74638
192132,1193602
24424,91602
24424,91603
13198,74272
244267,45459
21413,88832
21413,998842
123678,53296
123678,1349420
123678,1710652
13362,71797
39183,4339
39183,150347
62402,1867383
206412,2171
201132,1182832
251471,129921
251471,240740
112456,1023720
20296,126763
25983,101542
66195,550681
16155,17871
46727,137392
55180,158480
29015,35796
91122,939176
18206,103031
320146,101810
13856,75919
13856,75920
219716,239418
56491,84981
99826,11805
186935,56375
19344,84515
242083,212
18869,92834
18869,92837
26673,194915
41830,9915
37694,568822
63287,15309
335874,1467662
34592,115627
92635,97618
258755,1012105
96534,227945
21283,87360
272724,97618
84178,221944
101179,145045
52462,146026
269057,1196522
287524,82101
206213,1188585
248402,985146
29146,16888
207769,1191051
271185,54781
29731,76462
292539,1341629
654,2746
91070,939123
2009,20657
323270,146275
323270,1208166
323270,1223224
323270,1577521
2652,27571
9813,59466
60421,549971
157354,1056121
127867,1085904
3170,5446
3170,5690
3170,5691
3170,11427
3170,11428
3170,150003
3170,160942
14014,76247
15708,69737
146882,1124971
215918,1150712
84200,930629
84184,109745
45767,122842
14823,80384
367551,41530
343409,1517664
60243,229931
57294,222098
11446,66605
47889,138322
25461,71548
905,13899
78705,1018728
25212,21526
26899,42952
146269,210562
292483,168349
14451,76927
10105,63477
211557,554900
838,1
40862,51521
13158,74339
13158,74341
84332,930707
74510,20400
74510,559968
74725,137467
58428,101542
8416,4956
36584,17329
13429,74436
9022,56661
22530,113682
288,4065
14275,122449
2287,23590
18734,84931
206197,544748
26837,1058257
7859,53068
302579,131455
302579,1384771
51955,93133
376004,688807
158752,1140160
40658,1122434
296943,948217
118612,1100753
138976,1110059
323967,62773
3080,30165
2667,26849
2667,26850
9459,57885
11598,4610
26916,94471
181940,1164825
125263,43439
263503,57414
324322,1424432
375950,231431
278348,185995
704,10586
70875,232190
75986,21371
385636,1380244
14438,78040
211086,7324
23069,94787
83,640
89857,59841
30315,97966
14358,229374
2056,17867
41144,125637
35199,116330
14271,57328
16653,288712
14757,77273
84401,656971
23655,17042
36825,288712
33430,41887
12281,72034
125052,66800
96238,68185
30246,105882
7301,884
172533,40863
180383,1115066
346,5026
84318,930701
45145,6400
13983,58189
45649,133398
19844,69737
21801,641437
21801,1027145
43933,129894
73511,132812
43653,93022
139715,92287
45380,17295
30867,107168
81220,12995
253626,8685
294550,139537
90369,17510
117942,98541
117942,1066308
322194,1184351
98568,155945
119657,1070682
380733,1571422
285743,2675
362765,1519326
379532,88506
253261,1161761
15239,78021
15239,78023
94072,230059
4107,25598
15624,78481
17287,78021
198370,1291408
3062,21305
15389,78188
464,6284
308467,582527
8193,53925
188166,74655
23827,90591
1282,4319
762,280
762,10707
64499,82335
64499,82337
281189,1116801
1435,17108
189711,1425142
19204,29433
9029,56717
18045,82641
11240,3224
157909,545261
10238,6648
3059,100036
15800,63983
65203,145605
764,7623
103620,64211
319069,1414864
14278,82839
14278,82840
25678,72543
79161,586066
371690,1557430
389,39996
52032,146883
52032,146884
3078,2662
38810,122423
21525,1110343
55123,77003
11980,28902
11956,17520
1550,3290
162396,58547
26518,56383
8942,56383
68412,115226
2786,3776
87943,1046935
87943,1139506
73981,7324
91721,1043404
118452,130816
47534,112632
40914,125044
365052,79726
13282,101377
250184,61983
250184,1301700
426067,1708905
324352,1424519
318040,1555903
27420,22423
80468,65242
84188,79434
2255,19303
50035,56539
14290,58189
29371,86035
44490,61069
32222,109026
431,5877
76996,142513
51942,126125
1424,17042
60420,132964
142132,3110
142132,21404
20520,86262
109729,1035
78307,930628
78307,1194681
12247,71872
29917,105239
70687,85925
60463,110876
46252,21246
24869,92743
77934,582841
34697,140086
150211,1331465
306667,88506
274758,1460398
3060,29962
173224,1155992
18533,21183
376010,1562428
139948,1111709
139948,1111710
77332,193390
70478,558559
35073,11558
9659,20629
10218,11694
391,4385
43595,116186
54897,557883
83588,929825
53256,1071
40920,1201090
287815,1553042
54702,151017
176074,50583
69270,51445
5759,45405
5759,45407
402515,1686666
402515,1686667
126141,9956
48035,11572
14758,77775
13363,76462
37985,74105
37985,74106
25786,15672
36549,1187357
361398,1514634
361398,1514635
289180,1330498
289180,1330499
288927,1375627
21334,110695
79120,586002
27995,5281
253290,1288774
344466,1476699
55420,45459
5822,135650
408429,1677569
39141,17046
5723,45117
28666,101515
30979,107447
50497,88323
354624,1562421
13187,94011
335244,1456123
178862,1162816
331745,1448550
331745,1448551
1779,17087
282128,1343876
86812,933739
84355,90492
18632,5892
40652,3776
339408,77277
266857,1314011
18925,78040
299245,1401541
299245,1401542
985,5602
34101,68750
9821,36804
65448,932993
18841,88837
272726,99240
175291,84697
80215,1044256
80215,1044257
13538,74626
51130,114396
270554,1321304
72086,89981
268917,1645102
64973,1184450
473,6431
90414,87033
111794,162102
360188,98094
9372,57492
85860,64227
85860,1009253
244534,40863
33468,110726
294086,1366270
139998,90575
74777,551463
16388,12833
159770,1144092
42109,69719
47607,139135
193603,1434676
84659,1289580
322745,74971
20981,229182
174362,1168852
242095,125324
250902,220274
158895,1031144
222250,57997
18292,64141
125537,85242
326576,1429671
228550,1263110
13963,1032
290391,1360439
44770,131388
69382,558540
40769,40864
220490,1263945
42151,137467
2292,19303
42497,237393
33693,40864
14585,58689
185465,151092
38780,23799
14022,564
366967,1532382
255266,1263110
17345,78040
226458,29922
24055,45405
24055,45407
287625,1360240
44990,131870
86304,1009255
692,10367
39851,21678
13898,120229
157185,1310498
36095,26882
182291,1398500
286939,1171387
124606,77465
14337,76624
67238,1174437
67238,1174438
9367,2294
72766,12833
231617,1219158
126186,208138
25975,85563
25975,94471
25975,997560
