id,budget,revenue,release_date,adjusted_revenue,year,cost_per_ticket,adjusted_budget,num_of_ticket_sold
20,0,9726954,2003-03-07,15114686.398009947,2003,6.03,0.0,1613093.5323383084
68,15000000,0,1985-02-20,0.0,1985,3.55,39591549.295774646,0.0
311,20000000,5472914,1984-02-16,15262263.148809524,1984,3.36,55773809.52380952,1628843.4523809524
332,75000000,0,1999-07-23,0.0,1999,5.08,138336614.17322832,0.0
404,10000000,6203044,1999-10-15,11441441.393700786,1999,5.08,18444881.889763776,1221071.653543307
468,2500000,6401336,1991-10-17,14247153.995249404,1991,4.21,5564133.016627078,1520507.3634204275
540,3500000,0,2004-01-21,0.0,2004,6.21,5280998.389694042,0.0
766,11000000,21502976,1992-10-09,48550092.8,1992,4.15,24836144.57831325,5181440.0
811,1000000,0,1972-03-09,0.0,1972,1.7,5511764.705882353,0.0
850,3300000,20653717,1983-11-18,61436612.15555555,1983,3.15,9816190.476190476,6556735.555555556
987,4000000,0,1974-12-01,0.0,1974,1.87,20042780.748663098,0.0
1073,21500000,0,1999-03-19,0.0,1999,5.08,39656496.062992126,0.0
1123,14000000,5710236,2006-10-27,8168688.751145038,2006,6.55,20027480.916030534,871791.7557251909
1257,0,69485490,2007-02-02,94633581.58430232,2007,6.88,0.0,10099635.174418604
1282,0,0,2001-01-18,0.0,2001,5.66,0.0,0.0
1382,0,0,2005-06-17,0.0,2005,6.41,0.0,0.0
1412,1200000,0,1989-08-18,0.0,1989,3.97,2832241.8136020144,0.0
1424,0,0,2004-07-22,0.0,2004,6.21,0.0,0.0
1439,75000000,113996937,1999-12-16,210266003.87598422,1999,5.08,138336614.17322832,22440341.92913386
1544,0,2455831,2005-02-01,3589880.8845553817,2005,6.41,0.0,383124.9609984399
1546,0,1919197,2005-01-23,2805440.8564742585,2005,6.41,0.0,299406.7082683307
1548,7000000,0,2001-07-20,0.0,2001,5.66,11588339.22261484,0.0
1550,300000,0,2003-01-19,0.0,2003,6.03,466169.1542288556,0.0
1590,11000000,6191746,2006-09-10,8857505.346564885,2006,6.55,15735877.86259542,945304.7328244275
1599,22000000,0,2004-09-10,0.0,2004,6.21,33194847.020933975,0.0
1649,0,0,1991-07-19,0.0,1991,4.21,0.0,0.0
1696,7000000,19246174,2005-07-22,28133642.804992195,2005,6.41,10232449.297971917,3002523.244929797
1710,0,0,1995-10-27,0.0,1995,4.35,0.0,0.0
1808,0,1053788,1998-10-23,2105329.1172707886,1998,4.69,0.0,224688.27292110873
1809,4000000,0,2002-10-11,0.0,2002,5.81,6450946.643717728,0.0
1874,30000000,0,2007-02-11,0.0,2007,6.88,40857558.13953488,0.0
1901,0,0,2004-12-29,0.0,2004,6.21,0.0,0.0
1933,17000000,209947037,2001-08-02,347562497.64840984,2001,5.66,28143109.54063604,37093116.077738516
1950,55000000,8461686,2007-05-01,11524127.590116277,2007,6.88,74905523.25581394,1229896.2209302327
1956,3500000,0,2002-01-12,0.0,2002,5.81,5644578.3132530125,0.0
1999,1700000,0,2001-11-23,0.0,2001,5.66,2814310.9540636037,0.0
2054,23000000,106269971,1995-12-29,228907960.52183905,1995,4.35,49542528.73563218,24429878.3908046
2084,13000000,0,2001-09-06,0.0,2001,5.66,21521201.413427558,0.0
2287,0,0,2005-01-15,0.0,2005,6.41,0.0,0.0
2290,45000000,4956701,1999-09-16,9142576.4507874,1999,5.08,83001968.503937,975728.5433070866
2312,60000000,0,2007-11-29,0.0,2007,6.88,81715116.27906977,0.0
2447,35000000,0,2006-12-01,0.0,2006,6.55,50068702.29007634,0.0
2577,7500000,0,2003-09-02,0.0,2003,6.03,11654228.85572139,0.0
2661,1377800,3900000,1966-07-30,33525688.07339449,1966,1.09,11844023.853211006,3577981.6513761464
2752,17000000,0,2002-03-01,0.0,2002,5.81,27416523.235800344,0.0
2771,0,6003587,2003-08-15,9328956.913764508,2003,6.03,0.0,995619.7346600331
2779,0,0,2001-08-05,0.0,2001,5.66,0.0,0.0
2830,14000000,0,2003-08-21,0.0,2003,6.03,21754560.53067993,0.0
2895,5000000,19868354,1997-10-09,40559145.31154684,1997,4.59,10206971.677559912,4328617.4291939
3028,0,0,1982-11-10,0.0,1982,2.94,0.0,0.0
3179,12000000,0,1996-12-15,0.0,1996,4.42,25438914.02714932,0.0
3472,0,0,2002-09-05,0.0,2002,5.81,0.0,0.0
3558,40000000,48350205,1999-12-21,89181382.0570866,1999,5.08,73779527.5590551,9517756.88976378
3587,32000000,0,1996-09-06,0.0,1996,4.42,67837104.07239819,0.0
3635,0,31466789,2003-08-31,48896154.71475953,2003,6.03,0.0,5218372.968490879
3766,2300000,0,1947-12-24,0,1947,0,0,0
4032,17000000,59489799,1991-11-27,132403661.9073634,1991,4.21,37836104.51306412,14130593.586698337
4107,0,773228,2002-01-16,1247013.142857143,2002,5.81,0.0,133085.7142857143
4170,12000000,0,2007-01-23,0.0,2007,6.88,16343023.255813953,0.0
4474,0,60896147,2006-06-20,87114030.13587786,2006,6.55,0.0,9297121.679389313
4657,0,0,2006-07-20,0.0,2006,6.55,0.0,0.0
4688,45000000,29625761,2007-09-14,40347875.08284883,2007,6.88,61286337.20930232,4306069.912790698
4816,2000000,9400000,1999-09-13,17338188.976377953,1999,5.08,3688976.3779527554,1850393.7007874015
4953,20000000,30600000,2008-01-20,39933426.18384401,2008,7.18,26100278.55153203,4261838.440111421
4960,21000000,0,2008-10-24,0.0,2008,7.18,27405292.47910863,0.0
4965,40000000,8694320,2001-12-03,14393247.067137808,2001,5.66,66219081.272084795,1536098.9399293286
5072,0,0,2006-05-19,0.0,2006,6.55,0.0,0.0
5126,0,0,2007-11-02,0.0,2007,6.88,0.0,0.0
5178,3800000,0,2009-09-11,0.0,2009,7.5,4747466.666666666,0.0
5353,0,7644409,2007-09-03,10411062.83866279,2007,6.88,0.0,1111105.9593023255
5494,32000000,0,2004-03-28,0.0,2004,6.21,48283413.84863123,0.0
5516,0,0,2004-03-25,0.0,2004,6.21,0.0,0.0
5708,0,8159508,2007-09-26,11112585.749999998,2007,6.88,0.0,1185975.0
5759,0,140106,2008-01-21,182840.28133704735,2008,7.18,0.0,19513.370473537605
5971,20000000,0,1989-12-15,0.0,1989,3.97,47204030.22670024,0.0
5994,60000000,0,2000-12-12,0.0,2000,5.39,104304267.16141002,0.0
6007,0,0,2001-03-16,0.0,2001,5.66,0.0,0.0
6016,0,0,2003-04-03,0.0,2003,6.03,0.0,0.0
6020,12000000,0,2002-03-22,0.0,2002,5.81,19352839.931153186,0.0
6071,40000000,0,1995-04-21,0.0,1995,4.35,86160919.54022987,0.0
6106,4500000,0,1986-04-23,0.0,1986,3.71,11365229.110512128,0.0
6217,18000000,0,1982-04-02,0.0,1982,2.94,57367346.9387755,0.0
6440,0,0,2001-12-18,0.0,2001,5.66,0.0,0.0
6478,23000000,0,2004-12-17,0.0,2004,6.21,34703703.7037037,0.0
6521,20000000,22428990,2000-10-13,38990656.08534323,2000,5.39,34768089.05380334,4161222.634508349
6623,50000000,110463140,1997-09-26,225498828.2788671,1997,4.59,102069716.77559912,24066043.57298475
6933,20000,26890,2008-01-04,35091.82451253481,2008,7.18,26100.27855153203,3745.125348189415
7006,0,0,2007-01-05,0.0,2007,6.88,0.0,0.0
7301,0,0,2005-11-16,0.0,2005,6.41,0.0,0.0
7509,0,10422387,2005-09-08,15235220.934477376,2005,6.41,0.0,1625957.4102964117
7515,0,0,2005-02-10,0.0,2005,6.41,0.0,0.0
7547,6000000,0,2006-01-10,0.0,2006,6.55,8583206.106870228,0.0
7548,0,0,2004-09-16,0.0,2004,6.21,0.0,0.0
7863,5500000,35892330,1996-01-21,76088491.42533937,1996,4.42,11659502.262443438,8120436.651583711
7944,0,0,2008-02-07,0.0,2008,7.18,0.0,0.0
7978,150000000,0,2010-02-11,0.0,2010,7.89,178136882.12927756,0.0
8060,12000000,0,2007-09-12,0.0,2007,6.88,16343023.255813953,0.0
8272,0,0,2007-01-19,0.0,2007,6.88,0.0,0.0
8293,8000000,26126837,1992-03-13,58989991.00963855,1992,4.15,18062650.602409635,6295623.373493975
8326,20000000,0,2003-04-18,0.0,2003,6.03,31077943.615257043,0.0
8357,0,10000000,2004-04-23,15088566.82769726,2004,6.21,0.0,1610305.958132045
8359,0,0,2008-07-02,0.0,2008,7.18,0.0,0.0
8390,0,55447968,2008-02-08,72360370.49582171,2008,7.18,0.0,7722558.2172701955
8435,0,0,2005-07-17,0.0,2005,6.41,0.0,0.0
8457,40000000,0,2008-03-20,0.0,2008,7.18,52200557.10306406,0.0
8545,0,0,1998-11-05,0.0,1998,4.69,0.0,0.0
8617,0,14796236,2008-04-10,19309294.055710305,2008,7.18,0.0,2060757.103064067
8649,32000000,0,1999-10-22,0.0,1999,5.08,59023622.04724409,0.0
8669,12000000,0,2008-02-22,0.0,2008,7.18,15660167.130919218,0.0
8675,1000000,0,1997-09-06,0.0,1997,4.59,2041394.3355119827,0.0
8744,6000000,0,1996-09-09,0.0,1996,4.42,12719457.01357466,0.0
8838,60000000,93107289,1998-04-03,186016054.9957356,1998,4.69,119872068.23027717,19852300.42643923
8847,0,0,2008-02-12,0.0,2008,7.18,0.0,0.0
8869,30000000,45867333,2002-07-17,73971929.46815835,2002,5.81,48382099.82788296,7894549.569707402
8875,2600000,0,2007-12-07,0.0,2007,6.88,3540988.372093023,0.0
8879,6900000,41410568,1985-06-28,109300569.62253521,1985,3.55,18212112.676056337,11664948.732394367
8942,200000,0,2008-05-22,0.0,2008,7.18,261002.7855153203,0.0
8981,0,1656829,2004-05-18,2499917.5088566826,2004,6.21,0.0,266800.16103059583
8987,45000000,94216343,1994-09-30,211197878.9258373,1994,4.18,100873205.74162678,22539794.97607656
9022,750000,0,2008-02-15,0.0,2008,7.18,978760.4456824511,0.0
9026,0,0,2002-05-17,0.0,2002,5.81,0.0,0.0
9027,0,0,2002-08-21,0.0,2002,5.81,0.0,0.0
9034,10000000,38068353,2002-09-20,61394228.50430293,2002,5.81,16127366.60929432,6552212.220309811
9035,15000000,12834936,2006-03-31,18360816.84274809,2006,6.55,21458015.26717557,1959532.213740458
9043,19000000,92000000,2005-12-14,134483619.34477377,2005,6.41,27773790.95163806,14352574.102964118
9059,0,0,1995-01-13,0.0,1995,4.35,0.0,0.0
9074,0,12382362,2005-09-08,18100270.193447735,2005,6.41,0.0,1931725.7410296411
9089,0,17519169,1995-11-02,37736692.765517235,1995,4.35,0.0,4027395.1724137934
9092,26000000,0,1997-07-18,0.0,1997,4.59,53076252.72331154,0.0
9096,40000000,45500797,1992-02-07,102733124.79277107,1992,4.15,90313253.01204818,10964047.469879517
9099,29,0,1996-03-29,0.0,1996,4.42,61.47737556561086,0.0
9104,15000000,0,2001-09-08,0.0,2001,5.66,24832155.477031797,0.0
9260,1200000,0,2002-05-24,0.0,2002,5.81,1935283.9931153185,0.0
9275,55000000,0,2002-03-28,0.0,2002,5.81,88700516.35111876,0.0
9282,6000000,0,2003-05-16,0.0,2003,6.03,9323383.084577113,0.0
9288,0,0,2005-01-01,0.0,2005,6.41,0.0,0.0
9302,60000000,0,1996-03-01,0.0,1996,4.42,127194570.13574661,0.0
9304,45000000,21075014,1996-07-19,44677122.43891403,1996,4.42,95395927.60180995,4768102.714932127
9311,35000000,0,1997-02-13,0.0,1997,4.59,71448801.74291939,0.0
9313,35000000,182968902,1998-03-12,365547678.40938157,1998,4.69,69925373.13432835,39012559.06183369
9378,42000000,68467960,2001-10-26,113347135.19434628,2001,5.66,69530035.33568904,12096812.720848056
9392,3500000,57051053,2005-07-08,83396001.03120123,2005,6.41,5116224.648985959,8900320.280811232
9396,0,239606210,1988-05-19,546255520.1216544,1988,4.11,0.0,58298347.93187348
9416,0,0,1997-08-22,0.0,1997,4.59,0.0,0.0
9433,0,43312294,1997-09-06,88417471.62962963,1997,4.59,0.0,9436229.62962963
9434,0,28084357,1997-04-11,57331247.2962963,1997,4.59,0.0,6118596.296296297
9440,65000000,0,1998-03-20,0.0,1998,4.69,129861407.24946693,0.0
9441,50000000,159710793,1998-12-25,319081051.26012784,1998,4.69,99893390.19189763,34053473.98720682
9449,29000000,0,1997-12-05,0.0,1997,4.59,59200435.7298475,0.0
9451,0,0,1999-04-23,0.0,1999,5.08,0.0,0.0
9466,0,0,1998-09-07,0.0,1998,4.69,0.0,0.0
9473,21000000,78608288,1999-06-30,144992058.77165353,1999,5.08,38734251.96850394,15474072.440944882
9513,60000000,141702264,2006-06-15,202709956.2870229,2006,6.55,85832061.06870228,21633933.435114503
9517,0,480811,2001-06-15,795971.5671378091,2001,5.66,0.0,84948.93992932863
9526,10000000,0,2006-06-09,0.0,2006,6.55,14305343.511450382,0.0
9555,0,0,2002-02-04,0.0,2002,5.81,0.0,0.0
9583,27000000,73839240,2002-06-07,119083249.36316696,2002,5.81,43543889.845094666,12708991.394148022
9587,18000000,50083616,1994-12-21,112268775.57894735,1994,4.18,40349282.296650715,11981726.315789474
9588,0,0,1990-10-17,0.0,1990,4.23,0.0,0.0
9591,0,34585416,1996-10-04,73317952.01809955,1996,4.42,0.0,7824754.751131222
9603,12000000,56631572,1995-07-19,121985707.96321838,1995,4.35,25848275.862068962,13018752.183908047
9613,0,0,2002-12-13,0.0,2002,5.81,0.0,0.0
9623,44000000,22754725,1996-02-02,48237957.74886878,1996,4.42,93276018.0995475,5148127.828054299
9625,45000000,20350000,1996-10-04,43140158.371040724,1996,4.42,95395927.60180995,4604072.398190046
9644,0,0,1993-02-04,0.0,1993,4.14,0.0,0.0
9647,32000000,60328558,1988-11-22,137537369.4549878,1988,4.11,72953771.2895377,14678481.265206812
9678,85000000,58292295,2000-11-10,101335585.18552876,2000,5.39,147764378.4786642,10814897.031539889
9683,0,0,2001-08-24,0.0,2001,5.66,0.0,0.0
9686,15000000,0,1989-03-10,0.0,1989,3.97,35403022.670025185,0.0
9689,16000000,0,2002-05-03,0.0,2002,5.81,25803786.57487091,0.0
9702,35000000,0,1993-02-05,0.0,1993,4.14,79214975.84541062,0.0
9707,1000000,0,2002-06-09,0.0,2002,5.81,1612736.660929432,0.0
9709,0,0,2004-08-20,0.0,2004,6.21,0.0,0.0
9713,60000000,12069719,1998-10-08,24113702.991471212,1998,4.69,119872068.23027717,2573500.8528784644
9715,30000000,81471882,1998-05-29,162770049.96588483,1998,4.69,59936034.11513858,17371403.411513858
9716,20000000,0,1996-12-06,0.0,1996,4.42,42398190.045248866,0.0
9729,25000000,0,2005-10-07,0.0,2005,6.41,36544461.778471135,0.0
9776,35200000,37788228,2003-01-01,58719020.955223866,2003,6.03,54697180.76285239,6266704.47761194
9782,0,10639686,2006-02-12,15220436.308396947,2006,6.55,0.0,1624379.541984733
9783,0,0,2007-06-15,0.0,2007,6.88,0.0,0.0
9793,15000000,0,2007-03-22,0.0,2007,6.88,20428779.06976744,0.0
9819,23000000,12803305,1996-12-18,27141847.929864254,1996,4.42,48757918.552036196,2896675.339366516
9821,0,0,1998-10-23,0.0,1998,4.69,0.0,0.0
9822,90000000,0,1998-12-25,0.0,1998,4.69,179808102.34541574,0.0
9839,35000000,0,2003-10-23,0.0,2003,6.03,54386401.32669982,0.0
9893,10000000,10143022,2004-07-09,15304366.528180353,2004,6.21,15088566.82769726,1633336.8760064412
9900,5000000,6538177,2006-01-06,9353086.792366412,2006,6.55,7152671.755725191,998194.9618320611
9912,25000000,0,2005-10-12,0.0,2005,6.41,36544461.778471135,0.0
9916,0,0,2007-02-09,0.0,2007,6.88,0.0,0.0
9918,0,42647449,2006-01-13,61008640.783206105,2006,6.55,0.0,6511060.916030535
9930,40000000,93151591,1986-06-18,235264260.82749325,1986,3.71,101024258.7601078,25108245.552560646
9945,20000000,0,1998-04-15,0.0,1998,4.69,39957356.076759055,0.0
9955,53000000,0,2007-03-30,0.0,2007,6.88,72181686.04651162,0.0
9957,0,0,2006-04-07,0.0,2006,6.55,0.0,0.0
9969,51000000,47231070,2006-11-22,67565668.07633588,2006,6.55,72957251.90839694,7210850.38167939
9991,0,0,2001-12-26,0.0,2001,5.66,0.0,0.0
10008,14000000,29612137,2005-05-05,43286384.35101403,2005,6.41,20464898.595943835,4619678.159126365
10034,0,0,2001-07-16,0.0,2001,5.66,0.0,0.0
10040,0,101393569,2005-03-11,148214936.276131,2005,6.41,0.0,15818029.485179408
10050,22000000,0,2001-03-08,0.0,2001,5.66,36420494.69964664,0.0
10070,3200000,658573,2005-10-14,962687.8330733228,2005,6.41,4677691.107644305,102741.4976599064
10071,0,0,2007-09-07,0.0,2007,6.88,0.0,0.0
10074,0,14334401,2007-08-03,19522287.40843023,2007,6.88,0.0,2083488.5174418604
10075,0,0,2007-01-26,0.0,2007,6.88,0.0,0.0
10105,780000,0,2003-09-11,0.0,2003,6.03,1212039.8009950246,0.0
10115,0,0,2006-04-21,0.0,2006,6.55,0.0,0.0
10133,7500000,0,2002-10-01,0.0,2002,5.81,12095524.95697074,0.0
10154,0,0,1999-08-16,0.0,1999,5.08,0.0,0.0
10162,3000000,43515982,1998-09-15,86939179.39019188,1998,4.69,5993603.4115138585,9278460.980810234
10167,13000000,19233280,2002-11-15,31018215.765920825,2002,5.81,20965576.592082616,3310375.2151463
10179,9000000,0,1984-03-16,0.0,1984,3.36,25098214.285714287,0.0
10183,0,0,2008-08-01,0.0,2008,7.18,0.0,0.0
10212,12000000,0,1999-03-16,0.0,1999,5.08,22133858.267716534,0.0
10214,84000000,0,2005-02-18,0.0,2005,6.41,122789391.575663,0.0
10219,35000000,0,1999-12-22,0.0,1999,5.08,64557086.614173226,0.0
10223,30000000,16316273,1998-12-11,32597756.505330484,1998,4.69,59936034.11513858,3478949.466950959
10279,22000000,19288130,1999-07-02,35576727.97244094,1999,5.08,40578740.157480314,3796875.9842519686
10280,0,0,1996-10-25,0.0,1996,4.42,0.0,0.0
10350,30000000,0,1999-03-11,0.0,1999,5.08,55334645.66929133,0.0
10357,90000000,122823468,1997-04-25,250731131.84313726,1997,4.59,183725490.19607842,26758925.49019608
10383,50000000,31355910,2000-10-13,54509253.56215213,2000,5.39,86920222.63450834,5817423.005565863
10390,50000000,46112640,1999-09-17,85054219.84251967,1999,5.08,92224409.44881889,9077291.338582678
10391,40000000,0,2000-08-11,0.0,2000,5.39,69536178.10760668,0.0
10393,50000000,50054511,2000-08-07,87014984.79962894,2000,5.39,86920222.63450834,9286551.20593692
10395,70000000,131002597,1994-06-17,293658931.55263156,1994,4.18,156913875.59808612,31340334.210526317
10410,35000000,0,1992-12-25,0.0,1992,4.15,79024096.38554215,0.0
10413,0,0,1993-01-15,0.0,1993,4.14,0.0,0.0
10416,60000000,0,2000-03-03,0.0,2000,5.39,104304267.16141002,0.0
10437,12000000,27281507,1992-12-10,61597041.10602409,1992,4.15,27093975.903614454,6573857.108433735
10445,22000000,25842000,1993-12-25,58487811.59420289,1993,4.14,49792270.53140096,6242028.985507247
10468,43000000,0,2000-04-06,0.0,2000,5.39,74751391.46567719,0.0
10472,9000000,0,2000-01-21,0.0,2000,5.39,15645640.074211502,0.0
10480,24000000,0,2000-09-08,0.0,2000,5.39,41721706.86456401,0.0
10496,0,10155690,1999-10-22,18732050.25590551,1999,5.08,0.0,1999151.5748031496
10535,18000000,0,1996-05-24,0.0,1996,4.42,38158371.04072398,0.0
10549,0,0,1996-12-25,0.0,1996,4.42,0.0,0.0
10563,20000000,0,1999-10-22,0.0,1999,5.08,36889763.77952755,0.0
10569,0,0,2000-05-19,0.0,2000,5.39,0.0,0.0
10588,109000000,133818283,2003-11-21,207939852.6882255,2003,6.03,169374792.70315087,22192086.733001657
10603,55000000,174463257,1997-07-15,356148304.59477127,1997,4.59,112276688.45315903,38009424.18300654
10610,41000000,0,2003-08-15,0.0,2003,6.03,63709784.41127694,0.0
10615,0,0,2001-06-29,0.0,2001,5.66,0.0,0.0
10628,0,0,2003-01-17,0.0,2003,6.03,0.0,0.0
10641,65000000,0,2000-08-11,0.0,2000,5.39,112996289.42486085,0.0
10642,0,0,2000-07-21,0.0,2000,5.39,0.0,0.0
10655,25000000,12700000,1993-10-08,28743719.806763284,1993,4.14,56582125.60386473,3067632.850241546
10685,33000000,0,2000-09-08,0.0,2000,5.39,57367346.93877551,0.0
10705,9000000,0,1989-10-05,0.0,1989,3.97,21241813.602015108,0.0
10710,40000000,0,2004-04-30,0.0,2004,6.21,60354267.31078904,0.0
10727,0,0,2003-01-24,0.0,2003,6.03,0.0,0.0
10735,20000000,50732139,2003-03-27,78832527.76616915,2003,6.03,31077943.615257043,8413290.049751243
10739,0,0,2003-08-27,0.0,2003,6.03,0.0,0.0
10740,20000000,0,2004-09-08,0.0,2004,6.21,30177133.65539452,0.0
10741,0,0,2006-09-05,0.0,2006,6.55,0.0,0.0
10743,15000000,23014206,2003-04-25,35761709.820895515,2003,6.03,23308457.71144278,3816617.910447761
10744,32000000,0,2003-01-17,0.0,2003,6.03,49724709.78441127,0.0
10748,0,0,2007-12-21,0.0,2007,6.88,0.0,0.0
10765,0,0,1980-10-06,0.0,1980,2.69,0.0,0.0
10771,60000000,104391623,2002-09-27,168356197.5060241,2002,5.81,96764199.65576592,17967577.108433735
10773,0,0,2005-09-09,0.0,2005,6.41,0.0,0.0
10781,16000000,51764406,2006-10-06,74050760.94961832,2006,6.55,22888549.61832061,7902962.748091604
10783,65000000,0,2000-10-27,0.0,2000,5.39,112996289.42486085,0.0
10786,5000000,0,1976-03-11,0.0,1976,2.13,21995305.16431925,0.0
10806,35000000,0,1997-09-10,0.0,1997,4.59,71448801.74291939,0.0
10822,4600000,0,2007-05-18,0.0,2007,6.88,6264825.5813953485,0.0
10833,10000000,0,2001-03-23,0.0,2001,5.66,16554770.318021199,0.0
10844,0,0,2006-10-12,0.0,2006,6.55,0.0,0.0
10885,0,0,2008-03-21,0.0,2008,7.18,0.0,0.0
10913,0,0,2005-01-22,0.0,2005,6.41,0.0,0.0
10914,0,0,2007-09-11,0.0,2007,6.88,0.0,0.0
10929,22000000,8564586,2003-03-14,13308486.039800992,2003,6.03,34185737.97678275,1420329.3532338308
10934,18000000,58878723,2003-04-30,91491481.67661689,2003,6.03,27970149.253731336,9764299.004975123
10947,4200000,0,2006-01-20,0.0,2006,6.55,6008244.27480916,0.0
10955,30000000,0,2002-09-02,0.0,2002,5.81,48382099.82788296,0.0
10970,0,0,1976-06-17,0.0,1976,2.13,0.0,0.0
10981,0,0,2003-09-09,0.0,2003,6.03,0.0,0.0
10984,10000000,16300000,2001-02-01,26984275.618374556,2001,5.66,16554770.318021199,2879858.657243816
10985,13000000,31167388,2002-05-10,50264789.253012046,2002,5.81,20965576.592082616,5364438.554216868
10994,0,0,2002-10-11,0.0,2002,5.81,0.0,0.0
11004,35000000,0,2000-02-22,0.0,2000,5.39,60844155.84415584,0.0
11011,40000000,0,1994-12-19,0.0,1994,4.18,89665071.77033491,0.0
11024,0,181466833,2004-03-24,273807443.67310786,2004,6.21,0.0,29221712.238325283
11025,30000000,23400000,2004-05-01,35307246.37681159,2004,6.21,45265700.48309178,3768115.9420289854
11027,12000000,0,1981-03-20,0.0,1981,2.78,40446043.16546763,0.0
11056,10600000,12241855,2002-10-02,19742888.35628227,2002,5.81,17095008.605851978,2107031.8416523235
11062,0,0,1996-02-16,0.0,1996,4.42,0.0,0.0
11065,0,16017403,2001-08-31,26516442.77561837,2001,5.66,0.0,2829929.8586572437
11109,11000000,13300000,2004-10-22,20067793.880837355,2004,6.21,16597423.510466987,2141706.9243156197
11137,0,0,2004-03-28,0.0,2004,6.21,0.0,0.0
11152,8000000,22700000,2008-04-02,29623816.155988853,2008,7.18,10440111.420612812,3161559.888579387
11162,0,0,2004-09-03,0.0,2004,6.21,0.0,0.0
11176,0,76657000,1979-05-31,286165772.9083665,1979,2.51,0.0,30540637.450199205
11184,0,0,2004-09-04,0.0,2004,6.21,0.0,0.0
11191,0,0,1988-10-13,0.0,1988,4.11,0.0,0.0
11194,0,13885802,2003-09-05,21577108.580431174,2003,6.03,0.0,2302786.4013266996
11199,0,253625427,2007-03-02,345417187.6438953,2007,6.88,0.0,36864160.90116279
11229,3000000,0,1996-08-23,0.0,1996,4.42,6359728.50678733,0.0
11232,48000000,76019048,2001-12-25,125847787.94346288,2001,5.66,79462897.52650176,13430927.208480565
11308,7500000,0,1984-03-09,0.0,1984,3.36,20915178.57142857,0.0
11342,7000000,9094451,1989-06-01,21464736.99496221,1989,3.97,16521410.579345085,2290793.702770781
11353,55000000,98625775,1999-08-12,181914077.1161417,1999,5.08,101446850.39370078,19414522.637795277
11354,0,0,2005-01-23,0.0,2005,6.41,0.0,0.0
11359,45000000,0,1995-07-14,0.0,1995,4.35,96931034.48275861,0.0
11374,80000000,0,1999-03-26,0.0,1999,5.08,147559055.1181102,0.0
11382,0,0,1994-10-14,0.0,1994,4.18,0.0,0.0
11404,0,0,2006-04-30,0.0,2006,6.55,0.0,0.0
11446,800000,5034794,1995-05-24,10845062.018390803,1995,4.35,1723218.3908045976,1157423.9080459771
11457,18000000,0,2001-10-25,0.0,2001,5.66,29798586.572438158,0.0
11458,20000000,0,2002-11-21,0.0,2002,5.81,32254733.21858864,0.0
11467,0,138191428,2001-07-17,228772735.04593638,2001,5.66,0.0,24415446.64310954
11469,50000000,33422806,2001-11-21,55330687.67137808,2001,5.66,82773851.590106,5905089.399293286
11499,25000000,18593156,2008-10-15,24264327.537604455,2008,7.18,32625348.189415038,2589576.0445682453
11509,26000000,0,1985-07-10,0.0,1985,3.55,68625352.11267605,0.0
11531,0,0,2000-10-27,0.0,2000,5.39,0.0,0.0
11535,70000000,25852764,2002-02-08,41693700.28915662,2002,5.81,112891566.26506025,4449701.204819278
11546,10000000,126247,1994-06-09,282998.6578947368,1994,4.18,22416267.94258373,30202.63157894737
11564,4300000,0,1982-08-20,0.0,1982,2.94,13704421.768707482,0.0
11583,6000000,0,1979-01-25,0.0,1979,2.51,22398406.374501992,0.0
11588,8800000,72962,2004-01-15,110089.20128824476,2004,6.21,13277938.808373589,11749.114331723027
11598,600000,0,1977-08-10,0.0,1977,2.23,2521076.2331838566,0.0
11676,25000000,44480039,1997-07-18,90801299.65795207,1997,4.59,51034858.38779956,9690640.305010894
11817,52000000,37713879,2003-03-28,58603490.25373133,2003,6.03,80802653.3996683,6254374.626865671
11820,65000000,0,2003-12-19,0.0,2003,6.03,101003316.74958539,0.0
11826,5000000,0,2000-09-13,0.0,2000,5.39,8692022.263450835,0.0
11827,9300000,546545,1981-08-07,1842131.8884892086,1981,2.78,31345683.45323741,196598.92086330938
11887,11000000,252909177,2008-10-22,330049998.3969359,2008,7.18,14355153.203342617,35224119.35933148
11888,35000000,81000000,2002-01-18,130631669.535284,2002,5.81,56445783.13253012,13941480.206540449
11889,0,0,2001-12-14,0.0,2001,5.66,0.0,0.0
11891,0,0,2002-01-25,0.0,2002,5.81,0.0,0.0
11904,18000000,0,1985-12-04,0.0,1985,3.55,47509859.15492958,0.0
11908,1500000,208550,2006-04-27,298337.9389312977,2006,6.55,2145801.526717557,31839.69465648855
11934,25000000,2800000,1994-03-11,6276555.023923445,1994,4.18,56040669.85645933,669856.4593301436
11935,5000000,0,1977-12-10,0.0,1977,2.23,21008968.60986547,0.0
11954,25000000,0,1985-06-20,0.0,1985,3.55,65985915.49295775,0.0
11959,5000000,0,1989-07-21,0.0,1989,3.97,11801007.55667506,0.0
11971,11000000,22551000,1993-05-07,51039340.57971014,1993,4.14,24896135.26570048,5447101.449275362
11983,65000000,0,2000-12-08,0.0,2000,5.39,112996289.42486085,0.0
12079,2000000,0,2002-06-01,0.0,2002,5.81,3225473.321858864,0.0
12085,0,0,2008-01-17,0.0,2008,7.18,0.0,0.0
12096,65000000,158851357,2006-01-18,227242322.9145038,2006,6.55,92984732.82442749,24252115.572519086
12117,80000000,0,1999-06-04,0.0,1999,5.08,147559055.1181102,0.0
12183,0,0,2005-08-03,0.0,2005,6.41,0.0,0.0
12184,35000000,78269970,2008-02-28,102143400.96100277,2008,7.18,45675487.46518105,10901110.027855154
12192,8000000,0,2008-04-11,0.0,2008,7.18,10440111.420612812,0.0
12245,14100000,0,2008-01-18,0.0,2008,7.18,18400696.378830083,0.0
12247,0,0,2007-10-01,0.0,2007,6.88,0.0,0.0
12271,7000000,0,2006-12-29,0.0,2006,6.55,10013740.458015267,0.0
12312,38000000,24516772,2001-12-21,40586952.93992932,2001,5.66,62908127.20848056,4331585.1590106
12400,7000000,0,2008-04-07,0.0,2008,7.18,9135097.49303621,0.0
12410,0,0,2008-12-11,0.0,2008,7.18,0.0,0.0
12454,9000000,0,2002-05-17,0.0,2002,5.81,14514629.948364887,0.0
12479,12000000,0,1999-02-13,0.0,1999,5.08,22133858.267716534,0.0
12484,5000000,0,2001-04-27,0.0,2001,5.66,8277385.159010599,0.0
12486,0,0,2006-12-01,0.0,2006,6.55,0.0,0.0
12506,29000000,25899797,1987-11-05,62066776.95396419,1987,3.91,69496163.68286444,6623989.002557545
12509,6,8,2000-09-06,13.907235621521336,2000,5.39,10.430426716141001,1.4842300556586272
12586,0,0,2006-09-09,0.0,2006,6.55,0.0,0.0
12596,33000000,8408835,1999-04-23,15509996.840551179,1999,5.08,60868110.236220464,1655282.4803149607
12612,0,0,2004-05-01,0.0,2004,6.21,0.0,0.0
12621,9000000,4886216,2008-01-21,6376579.933147632,2008,7.18,11745125.348189414,680531.4763231198
12637,14000000,16400000,1977-06-21,68909417.04035874,1977,2.23,58825112.10762332,7354260.0896860985
12658,23000000,38689940,2001-03-30,64050307.03180211,2001,5.66,38075971.731448755,6835678.445229682
12703,10000000,365734,2004-08-27,551840.190016103,2004,6.21,15088566.82769726,58894.36392914654
12770,0,0,2002-09-13,0.0,2002,5.81,0.0,0.0
12783,17759769,43306325,2008-09-05,56515357.27715877,2008,7.18,23176745.895543173,6031521.587743733
12797,20000000,27074492,2008-09-19,35332589.14206128,2008,7.18,26100278.55153203,3770820.612813371
12877,0,0,2004-09-29,0.0,2004,6.21,0.0,0.0
12920,0,0,2005-09-10,0.0,2005,6.41,0.0,0.0
13007,0,0,2008-10-01,0.0,2008,7.18,0.0,0.0
13066,0,0,2006-01-01,0.0,2006,6.55,0.0,0.0
13074,0,0,2007-06-14,0.0,2007,6.88,0.0,0.0
13079,8000000,0,2007-09-08,0.0,2007,6.88,10895348.837209301,0.0
13121,2000000,2340110,2007-01-19,3187039.345930232,2007,6.88,2723837.2093023253,340132.26744186046
13132,0,0,2003-08-01,0.0,2003,6.03,0.0,0.0
13156,0,0,2003-09-19,0.0,2003,6.03,0.0,0.0
13158,0,0,2007-04-13,0.0,2007,6.88,0.0,0.0
13159,20000000,25000167,2007-05-11,34048192.556686044,2007,6.88,27238372.09302325,3633745.2034883723
13160,10000000,0,2008-02-01,0.0,2008,7.18,13050139.275766015,0.0
13166,14000000,14343028,2001-04-18,23744553.420494698,2001,5.66,23176678.44522968,2534103.886925795
13173,0,0,2007-08-03,0.0,2007,6.88,0.0,0.0
13187,0,0,1965-12-09,0.0,1965,1.01,0.0,0.0
13193,0,0,2004-01-21,0.0,2004,6.21,0.0,0.0
13198,0,0,2006-01-24,0.0,2006,6.55,0.0,0.0
13201,0,0,2002-05-03,0.0,2002,5.81,0.0,0.0
13250,20000000,0,2007-07-27,0.0,2007,6.88,27238372.09302325,0.0
13260,0,33472850,2008-02-28,43682535.44568244,2008,7.18,0.0,4661956.824512535
13363,200000,0,2007-06-10,0.0,2007,6.88,272383.72093023255,0.0
13403,0,0,2001-07-20,0.0,2001,5.66,0.0,0.0
13411,15000000,34000000,2003-04-10,52832504.14593697,2003,6.03,23308457.71144278,5638474.295190712
13429,0,0,2008-07-18,0.0,2008,7.18,0.0,0.0
13498,40000000,21577624,2005-02-25,31541706.221528854,2005,6.41,58471138.845553815,3366243.9937597504
13503,0,0,2001-11-30,0.0,2001,5.66,0.0,0.0
13510,12850990,3984669,2008-09-12,5200048.541782729,2008,7.18,16770720.93314763,554967.8272980502
13516,0,0,2007-09-27,0.0,2007,6.88,0.0,0.0
13518,0,0,2008-11-14,0.0,2008,7.18,0.0,0.0
13538,0,0,2007-04-27,0.0,2007,6.88,0.0,0.0
13539,15000000,10873148,2000-03-23,18901928.897959184,2000,5.39,26076066.790352505,2017281.6326530613
13551,0,0,2006-11-07,0.0,2006,6.55,0.0,0.0
13569,0,0,2006-12-01,0.0,2006,6.55,0.0,0.0
13576,60000000,261200000,2009-10-28,326325866.6666666,2009,7.5,74959999.99999999,34826666.666666664
13579,0,0,2008-08-22,0.0,2008,7.18,0.0,0.0
13649,0,7000000,2007-08-17,9533430.232558139,2007,6.88,0.0,1017441.8604651163
13673,60000000,0,2004-11-24,0.0,2004,6.21,90531400.96618356,0.0
13682,20000000,52900000,2005-02-11,77328081.12324491,2005,6.41,29235569.422776908,8252730.109204368
13689,0,0,2006-03-30,0.0,2006,6.55,0.0,0.0
13768,15000000,19158074,2002-10-11,30896928.292598967,2002,5.81,24191049.91394148,3297430.9810671257
13776,0,0,1982-04-02,0.0,1982,2.94,0.0,0.0
13778,0,0,2003-09-05,0.0,2003,6.03,0.0,0.0
13785,0,0,2000-09-19,0.0,2000,5.39,0.0,0.0
13816,0,0,2006-08-25,0.0,2006,6.55,0.0,0.0
13824,0,0,1999-10-08,0.0,1999,5.08,0.0,0.0
13849,0,0,2008-02-07,0.0,2008,7.18,0.0,0.0
13853,15000000,1953732,1986-01-17,4934358.177897573,1986,3.71,37884097.03504043,526612.3989218329
13908,0,43411001,2002-08-02,70010512.80034423,2002,5.81,0.0,7471772.977624785
13919,0,0,2005-06-08,0.0,2005,6.41,0.0,0.0
13963,0,321952,1978-05-01,1289183.8632478632,1978,2.34,0.0,137586.32478632478
13982,0,0,1997-04-18,0.0,1997,4.59,0.0,0.0
13983,0,0,2007-01-21,0.0,2007,6.88,0.0,0.0
13994,0,2945242,2005-09-13,4305291.347893915,2005,6.41,0.0,459476.1310452418
14014,0,0,2007-04-01,0.0,2007,6.88,0.0,0.0
14022,23000,1228108,1990-07-27,2720418.9030732857,1990,4.23,50947.99054373522,290332.8605200945
14033,17000000,4299141,2001-09-06,7117129.181978798,2001,5.66,28143109.54063604,759565.5477031802
14034,60000000,32095318,2001-05-31,53133061.77738515,2001,5.66,99328621.90812719,5670550.883392226
14043,0,0,2007-06-15,0.0,2007,6.88,0.0,0.0
14048,0,2957978,2008-07-25,3860202.4874651805,2008,7.18,0.0,411974.651810585
14054,0,414404,2008-03-07,540802.991643454,2008,7.18,0.0,57716.43454038997
14057,9000000,0,2005-09-01,0.0,2005,6.41,13156006.240249608,0.0
14114,0,0,2004-01-30,0.0,2004,6.21,0.0,0.0
14120,10000000,12128105,2005-12-02,17728602.784711387,2005,6.41,14617784.711388454,1892060.062402496
14137,0,0,2006-09-15,0.0,2006,6.55,0.0,0.0
14156,0,0,2008-06-13,0.0,2008,7.18,0.0,0.0
14164,100000000,57497699,2009-04-01,71833791.95066665,2009,7.5,124933333.33333331,7666359.866666666
14195,10000000,0,2000-05-17,0.0,2000,5.39,17384044.52690167,0.0
14202,19400000,26910847,2006-12-09,38496891.051908396,2006,6.55,27752366.41221374,4108526.2595419846
14220,0,6575282,2008-02-01,8580834.587743731,2008,7.18,0.0,915777.4373259053
14284,2000000,0,2007-01-19,0.0,2007,6.88,2723837.2093023253,0.0
14290,0,0,2002-01-12,0.0,2002,5.81,0.0,0.0
14293,0,0,2002-06-07,0.0,2002,5.81,0.0,0.0
14295,0,0,2000-11-17,0.0,2000,5.39,0.0,0.0
14299,12000000,8880045,2008-12-05,11588582.402506962,2008,7.18,15660167.130919218,1236775.069637883
14317,35000000,0,2002-12-20,0.0,2002,5.81,56445783.13253012,0.0
14353,8500000,188126,2008-07-18,245507.05013927573,2008,7.18,11092618.384401113,26201.392757660167
14358,0,0,2005-05-13,0.0,2005,6.41,0.0,0.0
14474,5000000,648183,2006-03-30,927248.0473282442,2006,6.55,7152671.755725191,98959.23664122137
14538,0,0,2008-04-03,0.0,2008,7.18,0.0,0.0
14544,0,0,2005-09-23,0.0,2005,6.41,0.0,0.0
14557,14000000,15064946,1998-08-21,30097770.57995735,1998,4.69,27970149.253731336,3212142.004264392
14576,6800000,0,2003-05-18,0.0,2003,6.03,10566500.829187395,0.0
14577,13000000,0,1998-06-12,0.0,1998,4.69,25972281.449893385,0.0
14582,0,0,2008-10-17,0.0,2008,7.18,0.0,0.0
14585,0,0,1997-01-19,0.0,1997,4.59,0.0,0.0
14608,0,0,2007-02-02,0.0,2007,6.88,0.0,0.0
14624,0,3438735,2006-10-20,4919228.541984732,2006,6.55,0.0,524997.7099236641
14629,8000000,0,2000-09-22,0.0,2000,5.39,13907235.621521335,0.0
14655,0,0,2008-11-07,0.0,2008,7.18,0.0,0.0
14662,5000000,5502773,1998-08-14,10993813.008528782,1998,4.69,9989339.019189764,1173299.1471215351
14709,0,0,1999-01-15,0.0,1999,5.08,0.0,0.0
14745,0,15,2008-10-31,19.57520891364902,2008,7.18,0.0,2.0891364902506964
14758,0,0,2008-10-03,0.0,2008,7.18,0.0,0.0
14778,0,0,2001-09-10,0.0,2001,5.66,0.0,0.0
14823,0,449681,2006-12-01,643284.117557252,2006,6.55,0.0,68653.58778625954
14834,0,0,2009-01-09,0.0,2009,7.5,0.0,0.0
14849,5000000,0,2009-02-17,0.0,2009,7.5,6246666.666666666,0.0
14877,11000000,0,2007-05-17,0.0,2007,6.88,14981104.65116279,0.0
14902,0,0,1972-11-09,0.0,1972,1.7,0.0,0.0
14914,0,0,2008-09-07,0.0,2008,7.18,0.0,0.0
14976,0,0,2008-10-03,0.0,2008,7.18,0.0,0.0
15013,0,0,2005-08-17,0.0,2005,6.41,0.0,0.0
15017,10000000,0,2007-12-21,0.0,2007,6.88,13619186.046511626,0.0
15045,26000000,48563556,2004-12-12,73275446.00966182,2004,6.21,39230273.75201288,7820218.357487923
15059,4000000,0,1999-04-29,0.0,1999,5.08,7377952.755905511,0.0
15122,0,0,1999-09-10,0.0,1999,5.08,0.0,0.0
15173,0,0,2002-10-04,0.0,2002,5.81,0.0,0.0
15208,17610801,7005528,2008-07-04,9142311.610027853,2008,7.18,22982340.58077994,975700.2785515321
15237,20000000,0,2004-07-02,0.0,2004,6.21,30177133.65539452,0.0
15239,0,0,1984-05-01,0.0,1984,3.36,0.0,0.0
15250,13000000,0,2007-11-27,0.0,2007,6.88,17704941.860465113,0.0
15365,0,0,2008-02-22,0.0,2008,7.18,0.0,0.0
15389,225000,2900000,1990-08-03,6423877.068557919,1990,4.23,498404.2553191489,685579.196217494
15394,10000000,1271244,2003-05-02,1975382.4676616911,2003,6.03,15538971.807628522,210819.90049751243
15489,130000000,62500000,2000-02-11,108650278.29313543,2000,5.39,225992578.8497217,11595547.309833026
15511,0,0,2008-01-11,0.0,2008,7.18,0.0,0.0
15544,0,54822,2008-12-05,71543.47353760444,2008,7.18,0.0,7635.376044568246
15556,0,0,1999-01-15,0.0,1999,5.08,0.0,0.0
15581,0,0,2007-07-27,0.0,2007,6.88,0.0,0.0
15582,0,0,1987-11-20,0.0,1987,3.91,0.0,0.0
15639,0,0,2006-03-24,0.0,2006,6.55,0.0,0.0
15648,0,0,2005-06-17,0.0,2005,6.41,0.0,0.0
15660,19032261,5000000,1981-09-18,16852517.98561151,1981,2.78,64148304.1618705,1798561.1510791369
15670,0,90508336,2009-02-16,113075081.10933332,2009,7.5,0.0,12067778.133333333
15765,15000000,39100956,1993-06-09,88496608.14492753,1993,4.14,33949275.362318836,9444675.362318842
15800,0,0,1997-10-18,0.0,1997,4.59,0.0,0.0
15907,12000000,0,2005-04-22,0.0,2005,6.41,17541341.653666142,0.0
15983,0,0,1985-09-27,0.0,1985,3.55,0.0,0.0
16005,0,0,2008-09-26,0.0,2008,7.18,0.0,0.0
16016,0,0,2008-09-26,0.0,2008,7.18,0.0,0.0
16028,17000000,0,2002-11-01,0.0,2002,5.81,27416523.235800344,0.0
16096,0,0,1991-10-23,0.0,1991,4.21,0.0,0.0
16110,19000000,19748009,2000-07-26,34330026.77736549,2000,5.39,33029684.601113174,3663823.562152134
16112,0,0,1999-10-01,0.0,1999,5.08,0.0,0.0
16155,0,0,1998-08-17,0.0,1998,4.69,0.0,0.0
16186,0,0,2005-02-25,0.0,2005,6.41,0.0,0.0
16205,0,0,2007-10-09,0.0,2007,6.88,0.0,0.0
16241,0,0,1978-10-05,0.0,1978,2.34,0.0,0.0
16300,0,0,2001-02-16,0.0,2001,5.66,0.0,0.0
16351,0,0,2002-05-20,0.0,2002,5.81,0.0,0.0
16358,6500000,89781,2004-10-15,135466.6618357488,2004,6.21,9807568.43800322,14457.487922705313
16388,0,0,1995-08-09,0.0,1995,4.35,0.0,0.0
16428,0,0,2004-05-14,0.0,2004,6.21,0.0,0.0
16433,0,0,2003-06-18,0.0,2003,6.03,0.0,0.0
16441,8000000,14056528,1982-08-20,44799206.585034005,1982,2.94,25496598.63945578,4781131.972789115
16448,4000000,0,1996-01-31,0.0,1996,4.42,8479638.009049773,0.0
16471,8000000,0,1981-12-25,0.0,1981,2.78,26964028.77697842,0.0
16508,0,0,1999-03-26,0.0,1999,5.08,0.0,0.0
16619,6000000,54766923,1980-09-19,190768055.2081784,1980,2.69,20899628.2527881,20359450.92936803
16633,5100000,0,1980-10-02,0.0,1980,2.69,17764684.014869887,0.0
16642,0,0,1978-09-13,0.0,1978,2.34,0.0,0.0
16653,0,0,2002-01-30,0.0,2002,5.81,0.0,0.0
16857,0,0,2002-06-14,0.0,2002,5.81,0.0,0.0
16858,0,37823676,1979-12-20,141198344.2709163,1979,2.51,0.0,15069193.62549801
16899,0,0,2008-01-01,0.0,2008,7.18,0.0,0.0
16988,0,0,2008-01-25,0.0,2008,7.18,0.0,0.0
16991,0,24007324,2009-04-10,29993150.11733333,2009,7.5,0.0,3200976.533333333
17043,0,33082548,2002-07-26,53353437.99655766,2002,5.81,0.0,5694070.223752152
17044,0,0,1998-09-25,0.0,1998,4.69,0.0,0.0
17170,25000000,16118077,1988-04-01,36746078.22141118,1988,4.11,56995133.819951326,3921673.236009732
17182,20000000,26877589,1996-01-12,56978056.31900453,1996,4.42,42398190.045248866,6080902.488687783
17186,0,3102550,2005-08-16,4535240.795631824,2005,6.41,0.0,484017.16068642744
17187,0,16318449,2002-11-22,26317360.95180723,2002,5.81,0.0,2808683.1325301207
17287,0,0,2006-12-26,0.0,2006,6.55,0.0,0.0
17334,14000000,115592,2008-10-29,150849.16991643453,2008,7.18,18270194.98607242,16099.1643454039
17345,0,0,2003-01-01,0.0,2003,6.03,0.0,0.0
17403,0,0,2003-07-18,0.0,2003,6.03,0.0,0.0
17577,10000000,0,2009-05-26,0.0,2009,7.5,12493333.333333332,0.0
17622,0,0,2008-09-10,0.0,2008,7.18,0.0,0.0
17644,0,0,1998-01-01,0.0,1998,4.69,0.0,0.0
17663,0,0,1985-12-01,0.0,1985,3.55,0.0,0.0
17709,70000000,0,1999-08-27,0.0,1999,5.08,129114173.22834645,0.0
17710,0,0,2002-06-28,0.0,2002,5.81,0.0,0.0
17734,0,0,2001-09-02,0.0,2001,5.66,0.0,0.0
17768,0,0,1966-10-16,0.0,1966,1.09,0.0,0.0
17795,21500000,0,1996-12-20,0.0,1996,4.42,45578054.29864253,0.0
17908,6000000,35547761,2000-01-14,61796386.00556586,2000,5.39,10430426.716141002,6595131.910946197
17994,2000000,7369373,1986-12-31,18612136.121293798,1986,3.71,5051212.938005391,1986353.908355795
17995,0,0,2003-04-04,0.0,2003,6.03,0.0,0.0
18045,500000,0,2005-03-11,0.0,2005,6.41,730889.2355694226,0.0
18065,0,0,2009-02-06,0.0,2009,7.5,0.0,0.0
18074,0,0,2000-09-09,0.0,2000,5.39,0.0,0.0
18147,26000000,0,2006-12-08,0.0,2006,6.55,37193893.129770994,0.0
18191,10000000,0,2005-08-31,0.0,2005,6.41,14617784.711388454,0.0
18238,0,0,2009-03-16,0.0,2009,7.5,0.0,0.0
18276,0,0,2006-05-05,0.0,2006,6.55,0.0,0.0
18292,42000,241816,2000-10-01,420374.0111317254,2000,5.39,73012.98701298701,44863.821892393324
18357,35000000,18012097,2002-07-26,29048769.17211704,2002,5.81,56445783.13253012,3100188.812392427
18442,5000000,0,2004-02-27,0.0,2004,6.21,7544283.41384863,0.0
18480,42000000,0,2009-07-08,0.0,2009,7.5,52471999.99999999,0.0
18516,10000000,0,2008-08-08,0.0,2008,7.18,13050139.275766015,0.0
18530,11500000,0,2009-02-07,0.0,2009,7.5,14367333.333333332,0.0
18570,0,0,2008-09-07,0.0,2008,7.18,0.0,0.0
18602,0,0,2002-01-01,0.0,2002,5.81,0.0,0.0
18616,2000000,0,2008-05-01,0.0,2008,7.18,2610027.855153203,0.0
18632,120000,0,2007-03-03,0.0,2007,6.88,163430.2325581395,0.0
18681,15000000,17589705,1999-09-04,32444003.12007874,1999,5.08,27667322.834645666,3462540.3543307087
18701,0,0,2004-09-03,0.0,2004,6.21,0.0,0.0
18713,0,0,1995-02-03,0.0,1995,4.35,0.0,0.0
18808,14000000,0,2002-01-01,0.0,2002,5.81,22578313.25301205,0.0
18828,24000000,31600000,2001-01-12,52313074.20494699,2001,5.66,39731448.76325088,5583038.86925795
18840,0,0,2005-10-30,0.0,2005,6.41,0.0,0.0
18841,0,0,2001-09-12,0.0,2001,5.66,0.0,0.0
18869,1000000,0,2006-01-01,0.0,2006,6.55,1430534.3511450381,0.0
18885,20000000,11798854,1994-05-06,26448627.26794258,1994,4.18,44832535.88516746,2822692.344497608
18886,35000000,14587732,1991-01-18,32467232.50356294,1991,4.21,77897862.23277909,3465019.4774346794
18975,0,0,1996-07-26,0.0,1996,4.42,0.0,0.0
19052,0,0,1999-11-04,0.0,1999,5.08,0.0,0.0
19150,0,0,2000-08-21,0.0,2000,5.39,0.0,0.0
19153,7500000,5345083,2003-04-23,8305709.404643448,2003,6.03,11654228.85572139,886415.0912106136
19187,1000000,0,2003-01-01,0.0,2003,6.03,1553897.180762852,0.0
19316,0,0,2004-09-12,0.0,2004,6.21,0.0,0.0
19344,900000,0,2006-03-08,0.0,2006,6.55,1287480.9160305343,0.0
19366,22000000,0,2001-04-06,0.0,2001,5.66,36420494.69964664,0.0
19419,0,0,2000-05-12,0.0,2000,5.39,0.0,0.0
19457,0,0,2000-04-27,0.0,2000,5.39,0.0,0.0
19489,0,0,1999-10-08,0.0,1999,5.08,0.0,0.0
19495,25000000,0,2005-07-17,0.0,2005,6.41,36544461.778471135,0.0
19556,0,0,2009-03-13,0.0,2009,7.5,0.0,0.0
19615,0,0,2009-01-01,0.0,2009,7.5,0.0,0.0
19724,55000000,0,2009-06-19,0.0,2009,7.5,68713333.33333333,0.0
19803,0,0,2005-09-02,0.0,2005,6.41,0.0,0.0
19840,18000000,15345201,2009-07-10,19171271.115999997,2009,7.5,22487999.999999996,2046026.8
19844,500000,0,2007-01-01,0.0,2007,6.88,680959.3023255813,0.0
19848,4500000,23261485,1998-04-08,46473371.95095948,1998,4.69,8990405.117270786,4959804.904051173
19904,20000000,31198531,2009-10-16,38977364.729333326,2009,7.5,24986666.666666664,4159804.1333333333
19905,10000000,0,2009-08-14,0.0,2009,7.5,12493333.333333332,0.0
19933,2300000,0,1987-07-09,0.0,1987,3.91,5511764.705882353,0.0
20055,3500000,0,2008-09-27,0.0,2008,7.18,4567548.746518105,0.0
20065,4000000,0,2007-04-30,0.0,2007,6.88,5447674.418604651,0.0
20156,0,0,1994-09-24,0.0,1994,4.18,0.0,0.0
20296,0,0,2005-09-16,0.0,2005,6.41,0.0,0.0
20309,25000000,12320393,2001-03-12,20396127.634275615,2001,5.66,41386925.795053,2176747.8798586573
20322,0,0,2001-03-23,0.0,2001,5.66,0.0,0.0
20360,0,0,2007-03-27,0.0,2007,6.88,0.0,0.0
20406,0,0,2007-07-07,0.0,2007,6.88,0.0,0.0
20455,5500000,16600000,2000-03-17,28857513.914656773,2000,5.39,9561224.489795918,3079777.3654916515
20468,0,0,1999-01-01,0.0,1999,5.08,0.0,0.0
20520,0,0,2005-01-01,0.0,2005,6.41,0.0,0.0
20542,40000000,694782,2008-12-12,906700.1866295263,2008,7.18,52200557.10306406,96766.29526462396
20694,25000000,55443032,2003-06-13,86152771.1177446,2003,6.03,38847429.5190713,9194532.669983417
20770,1200000,2600000,1999-09-12,4795669.2913385825,1999,5.08,2213385.8267716533,511811.0236220472
20862,0,0,1998-01-16,0.0,1998,4.69,0.0,0.0
20981,50000,0,2005-01-01,0.0,2005,6.41,73088.92355694226,0.0
21014,0,0,2006-05-12,0.0,2006,6.55,0.0,0.0
21074,0,0,2007-11-16,0.0,2007,6.88,0.0,0.0
21283,0,0,2009-05-19,0.0,2009,7.5,0.0,0.0
21309,19000000,0,1986-08-27,0.0,1986,3.71,47986522.91105121,0.0
21311,34000000,14400327,2000-05-05,25033592.576994434,2000,5.39,59105751.39146568,2671674.768089054
21338,0,0,1991-05-17,0.0,1991,4.21,0.0,0.0
21355,57000000,0,2000-12-11,0.0,2000,5.39,99089053.80333951,0.0
21413,1000000,0,2003-08-22,0.0,2003,6.03,1553897.180762852,0.0
21461,1800000,31517561,2006-01-01,45086953.67480916,2006,6.55,2574961.8320610686,4811841.374045801
21512,0,882290,1989-10-19,2082382.1914357678,1989,3.97,0.0,222239.29471032743
21641,10000000,0,2009-03-27,0.0,2009,7.5,12493333.333333332,0.0
21724,25,32,2009-05-22,39.97866666666666,2009,7.5,31.23333333333333,4.266666666666667
21765,17000000,0,2003-10-10,0.0,2003,6.03,26416252.072968487,0.0
21801,0,0,2002-01-01,0.0,2002,5.81,0.0,0.0
21972,30000000,0,2002-07-03,0.0,2002,5.81,48382099.82788296,0.0
22007,0,0,2008-10-16,0.0,2008,7.18,0.0,0.0
22051,0,2550863,2009-07-29,3186878.1746666664,2009,7.5,0.0,340115.06666666665
22102,0,0,1989-03-22,0.0,1989,3.97,0.0,0.0
22327,18000000,0,2009-09-11,0.0,2009,7.5,22487999.999999996,0.0
22479,18000000,0,1996-08-16,0.0,1996,4.42,38158371.04072398,0.0
22488,0,0,2006-10-06,0.0,2006,6.55,0.0,0.0
22530,0,0,2008-01-01,0.0,2008,7.18,0.0,0.0
22600,0,0,2008-02-11,0.0,2008,7.18,0.0,0.0
22617,2000000,1075504,2000-09-01,1869660.9424860852,2000,5.39,3476808.905380334,199536.9202226345
22805,0,0,2009-01-21,0.0,2009,7.5,0.0,0.0
22820,10000000,0,2009-09-30,0.0,2009,7.5,12493333.333333332,0.0
22908,0,0,1999-08-23,0.0,1999,5.08,0.0,0.0
22913,0,0,1997-08-31,0.0,1997,4.59,0.0,0.0
23069,0,0,1974-10-17,0.0,1974,1.87,0.0,0.0
23169,16000000,56032889,2010-03-12,66543494.28770596,2010,7.89,19001267.42712294,7101760.329531052
23531,3000000,0,2000-09-01,0.0,2000,5.39,5215213.358070501,0.0
23570,8000000,5656388,1996-05-03,11991030.669683257,1996,4.42,16959276.018099546,1279725.7918552037
23618,13000000,38251106,2000-08-18,66495892.990723565,2000,5.39,22599257.88497217,7096680.148423006
23655,0,0,2000-06-08,0.0,2000,5.39,0.0,0.0
23988,108,0,2009-10-27,0.0,2009,7.5,134.928,0.0
24034,10000000,0,2004-01-16,0.0,2004,6.21,15088566.82769726,0.0
24055,15000,0,2005-01-17,0.0,2005,6.41,21926.67706708268,0.0
24071,0,0,1999-09-24,0.0,1999,5.08,0.0,0.0
24126,3000000,3902679,1993-05-01,8832874.934782607,1993,4.14,6789855.072463768,942676.0869565218
24356,0,0,2003-08-08,0.0,2003,6.03,0.0,0.0
24363,0,0,2005-04-15,0.0,2005,6.41,0.0,0.0
24432,20000000,27450189,2006-02-24,39268438.309923664,2006,6.55,28610687.022900764,4190868.5496183205
24575,36000000,7000000,1980-01-01,24382899.628252786,1980,2.69,125397769.51672861,2602230.4832713753
24621,0,6126237,2003-04-16,9519542.402985074,2003,6.03,0.0,1015959.7014925373
24663,0,0,2009-02-07,0.0,2009,7.5,0.0,0.0
24664,0,0,2000-10-06,0.0,2000,5.39,0.0,0.0
24747,0,0,2004-04-30,0.0,2004,6.21,0.0,0.0
24869,250000,0,2009-01-23,0.0,2009,7.5,312333.3333333333,0.0
24913,5000000,0,1986-03-27,0.0,1986,3.71,12628032.345013475,0.0
24977,0,21268532,2000-05-05,36973310.7309833,2000,5.39,0.0,3945924.3042671615
24985,7000000,0,2002-01-01,0.0,2002,5.81,11289156.626506025,0.0
25113,0,50427646,1981-05-22,169966562.23741007,1981,2.78,0.0,18139441.007194247
25189,42000000,0,1996-11-15,0.0,1996,4.42,89036199.09502262,0.0
25208,0,0,2001-01-19,0.0,2001,5.66,0.0,0.0
25212,0,0,2000-03-10,0.0,2000,5.39,0.0,0.0
25248,0,489389,2004-09-11,738417.8631239935,2004,6.21,0.0,78806.60225442835
25312,0,0,2005-08-05,0.0,2005,6.41,0.0,0.0
25350,10000000,0,2004-09-14,0.0,2004,6.21,15088566.82769726,0.0
25379,12500000,1775619,2004-02-20,2679154.5942028984,2004,6.21,18860708.534621574,285928.9855072464
25388,0,0,1977-09-08,0.0,1977,2.23,0.0,0.0
25428,0,0,2003-10-05,0.0,2003,6.03,0.0,0.0
25462,6000000,0,2001-09-07,0.0,2001,5.66,9932862.19081272,0.0
25636,2500000,1300000,1999-09-05,2397834.6456692913,1999,5.08,4611220.472440944,255905.5118110236
25678,0,0,1987-05-01,0.0,1987,3.91,0.0,0.0
25769,0,5802422,2009-09-04,7249159.218666666,2009,7.5,0.0,773656.2666666667
25786,0,0,2004-11-23,0.0,2004,6.21,0.0,0.0
25968,9000000,0,2009-05-16,0.0,2009,7.5,11243999.999999998,0.0
25975,0,0,2005-08-05,0.0,2005,6.41,0.0,0.0
25983,0,0,2009-04-25,0.0,2009,7.5,0.0,0.0
26171,21000000,16443609,2009-12-04,20543548.843999997,2009,7.5,26235999.999999996,2192481.2
26320,0,9975737,2009-09-03,12463020.758666664,2009,7.5,0.0,1330098.2666666666
26367,0,0,2009-09-11,0.0,2009,7.5,0.0,0.0
26371,0,2438304,1987-09-18,5843199.099744245,1987,3.91,0.0,623607.1611253197
26379,3250000,0,2009-12-04,0.0,2009,7.5,4060333.333333333,0.0
26466,12000000,1594955,2009-10-16,1992630.4466666665,2009,7.5,14991999.999999998,212660.66666666666
26486,0,0,2004-09-24,0.0,2004,6.21,0.0,0.0
26518,300000,0,2006-01-01,0.0,2006,6.55,429160.30534351146,0.0
26618,8000000,0,1998-09-25,0.0,1998,4.69,15982942.430703621,0.0
26665,0,0,2000-07-05,0.0,2000,5.39,0.0,0.0
26673,0,0,2009-01-01,0.0,2009,7.5,0.0,0.0
26710,12000000,18490423,2004-01-09,27899398.310789045,2004,6.21,18106280.193236712,2977523.8325281804
26837,0,0,2009-07-29,0.0,2009,7.5,0.0,0.0
26843,35000000,1500000,1981-04-17,5055755.395683453,1981,2.78,117967625.89928058,539568.3453237411
26916,600000,173599,2000-10-31,301785.2745825603,2000,5.39,1043042.6716141002,32207.606679035252
26963,0,0,2009-02-09,0.0,2009,7.5,0.0,0.0
27322,10000000,0,1997-03-14,0.0,1997,4.59,20413943.355119824,0.0
27342,0,0,1987-05-01,0.0,1987,3.91,0.0,0.0
27360,0,0,2005-04-22,0.0,2005,6.41,0.0,0.0
27374,0,0,2008-06-17,0.0,2008,7.18,0.0,0.0
27380,0,0,1982-06-25,0.0,1982,2.94,0.0,0.0
27404,0,0,2005-03-04,0.0,2005,6.41,0.0,0.0
27420,0,0,1981-05-01,0.0,1981,2.78,0.0,0.0
27451,0,0,2001-01-01,0.0,2001,5.66,0.0,0.0
27455,0,6033999,1999-04-09,11129639.887795275,1999,5.08,0.0,1187795.0787401574
27551,4000000,800000,1987-03-01,1917135.5498721227,1987,3.91,9585677.749360614,204603.58056265983
27588,1300000,0,2009-10-22,0.0,2009,7.5,1624133.3333333333,0.0
27686,0,0,1945-08-29,0.0,1945,0.35,0.0,0.0
27723,1500000,0,2000-08-06,0.0,2000,5.39,2607606.6790352506,0.0
27845,1300000,0,1996-10-11,0.0,1996,4.42,2755882.3529411764,0.0
27983,0,0,1968-04-24,0.0,1968,1.31,0.0,0.0
27995,175000,7137503,1986-08-08,18026523.749326143,1986,3.71,441981.1320754716,1923855.25606469
28029,14000000,0,1999-01-29,0.0,1999,5.08,25822834.64566929,0.0
28121,0,0,1996-04-04,0.0,1996,4.42,0.0,0.0
28165,2300000,0,1989-02-24,0.0,1989,3.97,5428463.476070528,0.0
28353,0,13960203,1997-08-06,28498279.326797385,1997,4.59,0.0,3041438.5620915033
28665,0,0,2009-01-01,0.0,2009,7.5,0.0,0.0
28666,0,0,1999-10-08,0.0,1999,5.08,0.0,0.0
28902,30000000,12017369,1999-01-15,22165895.183070865,1999,5.08,55334645.66929133,2365623.8188976375
29015,0,0,2000-09-22,0.0,2000,5.39,0.0,0.0
29064,0,2400000,1999-10-15,4426771.6535433065,1999,5.08,0.0,472440.94488188974
29078,0,0,2005-01-01,0.0,2005,6.41,0.0,0.0
29122,0,0,2000-12-22,0.0,2000,5.39,0.0,0.0
29339,0,0,2002-12-27,0.0,2002,5.81,0.0,0.0
29371,0,0,1995-06-16,0.0,1995,4.35,0.0,0.0
29406,2000000,0,2008-04-24,0.0,2008,7.18,2610027.855153203,0.0
29426,4000000,0,2010-05-06,0.0,2010,7.89,4750316.856780735,0.0
29461,0,0,1997-09-26,0.0,1997,4.59,0.0,0.0
29463,3000000,0,1985-10-25,0.0,1985,3.55,7918309.859154929,0.0
29514,9000000,0,1990-01-25,0.0,1990,4.23,19936170.212765954,0.0
29595,0,0,2005-11-04,0.0,2005,6.41,0.0,0.0
29697,597966,0,2006-10-27,0.0,2006,6.55,855410.9038167938,0.0
29731,0,0,2007-01-01,0.0,2007,6.88,0.0,0.0
29917,600000,0,2009-06-19,0.0,2009,7.5,749599.9999999999,0.0
30082,1500000,0,2005-12-07,0.0,2005,6.41,2192667.706708268,0.0
30139,3000000,7301115,2006-01-01,10444495.809160305,2006,6.55,4291603.053435114,1114674.0458015266
30141,8000000,337174,2003-10-24,523933.7280265339,2003,6.03,12431177.446102817,55916.086235489216
30246,500000,243347,2003-08-29,378136.21724709775,2003,6.03,776948.590381426,40356.053067993365
30309,3000000,7700000,2002-01-01,12418072.289156627,2002,5.81,4838209.982788296,1325301.2048192772
30379,0,0,2001-09-07,0.0,2001,5.66,0.0,0.0
30867,0,0,2006-10-31,0.0,2006,6.55,0.0,0.0
30890,16000000,0,1987-01-30,0.0,1987,3.91,38342710.997442454,0.0
30979,0,0,2009-11-25,0.0,2009,7.5,0.0,0.0
31007,0,317382,2010-10-29,376916.2661596958,2010,7.89,0.0,40225.855513307986
31064,0,0,2001-01-19,0.0,2001,5.66,0.0,0.0
31117,0,9109322,2004-08-27,13744661.375201287,2004,6.21,0.0,1466879.5491143318
31163,0,0,2005-04-22,0.0,2005,6.41,0.0,0.0
31166,18000000,0,2009-05-14,0.0,2009,7.5,22487999.999999996,0.0
31174,0,2748518,1995-12-29,5920370.956321838,1995,4.35,0.0,631843.2183908046
31306,0,0,1999-10-22,0.0,1999,5.08,0.0,0.0
31535,0,0,1998-03-13,0.0,1998,4.69,0.0,0.0
31582,0,4488529,1999-11-26,8279038.726377952,1999,5.08,0.0,883568.7007874015
31640,26000000,1094668,1996-10-03,2320597.0950226244,1996,4.42,55117647.05882353,247662.44343891402
31908,36000000,13323144,1996-12-20,28243859.56561086,1996,4.42,76316742.08144796,3014285.972850679
31932,0,0,2002-01-01,0.0,2002,5.81,0.0,0.0
32222,250000,0,2001-01-01,0.0,2001,5.66,413869.25795053,0.0
32235,0,0,2003-01-01,0.0,2003,6.03,0.0,0.0
32274,0,0,1999-12-10,0.0,1999,5.08,0.0,0.0
32395,6000000,0,2009-01-17,0.0,2009,7.5,7495999.999999999,0.0
33430,0,0,1999-07-30,0.0,1999,5.08,0.0,0.0
33468,62000,0,1962-02-25,0.0,1962,0.7,829914.2857142858,0.0
33511,0,0,2009-12-25,0.0,2009,7.5,0.0,0.0
33693,0,76901,2002-09-20,124021.06196213425,2002,5.81,0.0,13235.972461273666
34043,0,0,2001-10-26,0.0,2001,5.66,0.0,0.0
34099,0,0,2004-04-25,0.0,2004,6.21,0.0,0.0
34101,0,0,1987-03-20,0.0,1987,3.91,0.0,0.0
34152,14000000,0,1994-05-13,0.0,1994,4.18,31382775.11961722,0.0
34335,2000000,0,2010-01-01,0.0,2010,7.89,2375158.4283903674,0.0
34417,0,0,2010-03-09,0.0,2010,7.89,0.0,0.0
34592,0,0,2009-01-01,0.0,2009,7.5,0.0,0.0
34653,7000000,24964890,2009-10-19,31189469.239999995,2009,7.5,8745333.333333332,3328652.0
34697,0,0,1982-02-05,0.0,1982,2.94,0.0,0.0
34723,6500000,24103594,1993-04-02,54553303.32850241,1993,4.14,14711352.65700483,5822124.154589373
34941,0,0,1997-06-20,0.0,1997,4.59,0.0,0.0
35199,0,0,2006-06-26,0.0,2006,6.55,0.0,0.0
35219,0,0,2009-01-16,0.0,2009,7.5,0.0,0.0
35689,0,0,2009-04-24,0.0,2009,7.5,0.0,0.0
35690,20000000,89137047,2010-03-31,105857304.23193917,2010,7.89,23751584.283903673,11297471.102661597
35691,3000000,0,2010-04-09,0.0,2010,7.89,3562737.6425855514,0.0
35696,15600000,0,2002-06-21,0.0,2002,5.81,25158691.91049914,0.0
35944,0,0,2001-08-24,0.0,2001,5.66,0.0,0.0
36334,0,0,1952-03-14,0,1952,0,0,0
36351,5000000,0,1992-08-21,0.0,1992,4.15,11289156.626506023,0.0
36549,0,0,2008-01-01,0.0,2008,7.18,0.0,0.0
36584,500000,0,2002-05-09,0.0,2002,5.81,806368.330464716,0.0
36739,0,0,1988-02-12,0.0,1988,4.11,0.0,0.0
36811,0,0,2009-09-04,0.0,2009,7.5,0.0,0.0
36825,0,0,2003-01-31,0.0,2003,6.03,0.0,0.0
36970,0,19406406,2009-10-17,24245069.895999998,2009,7.5,0.0,2587520.8
37028,0,0,2006-09-07,0.0,2006,6.55,0.0,0.0
37056,30000000,82148538,2010-05-14,97557896.20532319,2010,7.89,35627376.42585551,10411728.517110266
37080,7000000,0,2009-11-07,0.0,2009,7.5,8745333.333333332,0.0
37206,6000000,0,2009-10-01,0.0,2009,7.5,7495999.999999999,0.0
37232,0,0,2003-09-09,0.0,2003,6.03,0.0,0.0
37414,13000000,0,2010-02-19,0.0,2010,7.89,15438529.784537388,0.0
37498,33000000,0,1998-09-04,0.0,1998,4.69,65929637.52665244,0.0
37532,1,0,1998-10-07,0.0,1998,4.69,1.9978678038379527,0.0
37694,0,0,2004-07-02,0.0,2004,6.21,0.0,0.0
37707,26000000,0,2009-10-06,0.0,2009,7.5,32482666.666666664,0.0
37718,0,0,1999-08-27,0.0,1999,5.08,0.0,0.0
37737,0,0,2010-05-21,0.0,2010,7.89,0.0,0.0
37985,0,0,2007-06-15,0.0,2007,6.88,0.0,0.0
38007,0,0,2006-01-01,0.0,2006,6.55,0.0,0.0
38031,22000000,0,2010-05-23,0.0,2010,7.89,26126742.712294042,0.0
38033,5000000,143000,2010-10-01,169823.82762991128,2010,7.89,5937896.070975918,18124.207858048165
38093,0,21520719,2010-05-14,25557558.55893536,2010,7.89,0.0,2727594.2965779467
38223,12000000,0,1996-07-10,0.0,1996,4.42,25438914.02714932,0.0
38543,25000000,5151023,2011-03-03,6086391.615384615,2011,7.93,29539722.572509456,649561.5384615385
38570,1300000,0,2010-06-08,0.0,2010,7.89,1543852.9784537388,0.0
38717,0,0,2001-01-23,0.0,2001,5.66,0.0,0.0
38780,0,0,2009-08-14,0.0,2009,7.5,0.0,0.0
38786,0,0,2005-11-25,0.0,2005,6.41,0.0,0.0
38843,15000000,27293743,2010-07-23,32413481.864385296,2010,7.89,17813688.212927755,3459283.016476553
38940,0,0,1994-09-04,0.0,1994,4.18,0.0,0.0
39037,3200000,0,2009-04-25,0.0,2009,7.5,3997866.666666666,0.0
39053,7000000,0,2010-06-18,0.0,2010,7.89,8313054.499366286,0.0
39055,0,140987,2008-12-24,183989.9986072423,2008,7.18,0.0,19636.07242339833
39180,0,0,2001-03-02,0.0,2001,5.66,0.0,0.0
39183,1000000,0,2006-01-01,0.0,2006,6.55,1430534.3511450381,0.0
39210,8000000,0,2010-09-03,0.0,2010,7.89,9500633.71356147,0.0
39269,0,0,1980-05-01,0.0,1980,2.69,0.0,0.0
39303,3500000,0,2009-04-25,0.0,2009,7.5,4372666.666666666,0.0
39349,10000000,18225518,1994-02-25,40854809.48803827,1994,4.18,22416267.94258373,4360171.770334928
39437,0,0,1998-10-16,0.0,1998,4.69,0.0,0.0
39541,0,0,2002-03-22,0.0,2002,5.81,0.0,0.0
39563,0,0,2009-04-24,0.0,2009,7.5,0.0,0.0
39780,0,0,1997-12-31,0.0,1997,4.59,0.0,0.0
39845,0,0,2010-06-30,0.0,2010,7.89,0.0,0.0
39851,0,0,2004-09-01,0.0,2004,6.21,0.0,0.0
40160,16000000,0,1979-10-19,0.0,1979,2.51,59729083.66533864,0.0
40247,3000000,0,2010-01-22,0.0,2010,7.89,3562737.6425855514,0.0
40428,0,0,2010-01-01,0.0,2010,7.89,0.0,0.0
40505,0,0,1998-05-27,0.0,1998,4.69,0.0,0.0
40658,0,0,2009-09-30,0.0,2009,7.5,0.0,0.0
40769,500000,0,2005-03-01,0.0,2005,6.41,730889.2355694226,0.0
40862,0,0,2006-01-01,0.0,2006,6.55,0.0,0.0
40880,0,0,2001-06-29,0.0,2001,5.66,0.0,0.0
40914,0,0,2009-04-10,0.0,2009,7.5,0.0,0.0
40920,200000,0,2002-01-14,0.0,2002,5.81,322547.3321858864,0.0
40932,0,0,1980-06-20,0.0,1980,2.69,0.0,0.0
41009,0,0,2009-09-11,0.0,2009,7.5,0.0,0.0
41144,0,0,2009-11-05,0.0,2009,7.5,0.0,0.0
41317,0,0,1978-11-02,0.0,1978,2.34,0.0,0.0
41382,0,0,2010-08-20,0.0,2010,7.89,0.0,0.0
41469,0,3395581,1998-08-21,6783921.955223879,1998,4.69,0.0,724004.4776119402
41488,0,0,2003-12-12,0.0,2003,6.03,0.0,0.0
41730,2000000,100590,1999-06-06,185537.06692913384,1999,5.08,3688976.3779527554,19801.181102362203
41830,0,0,1965-04-22,0.0,1965,1.01,0.0,0.0
41894,10000000,82739,2010-02-01,98259.1166032953,2010,7.89,11875792.141951837,10486.565272496831
42033,0,0,1985-03-15,0.0,1985,3.55,0.0,0.0
42057,0,0,2010-05-07,0.0,2010,7.89,0.0,0.0
42222,0,0,1977-10-02,0.0,1977,2.23,0.0,0.0
42497,27000,0,1971-01-01,0.0,1971,1.65,153327.27272727274,0.0
42586,0,0,1970-01-01,0.0,1970,1.55,0.0,0.0
42819,0,0,2009-03-21,0.0,2009,7.5,0.0,0.0
43090,10000000,0,2010-04-30,0.0,2010,7.89,11875792.141951837,0.0
43213,3200000,0,2009-10-10,0.0,2009,7.5,3997866.666666666,0.0
43418,7347125,0,2010-04-15,0.0,2010,7.89,8725292.93409379,0.0
43653,0,0,2007-01-01,0.0,2007,6.88,0.0,0.0
43743,0,0,2002-01-01,0.0,2002,5.81,0.0,0.0
43867,0,0,1937-09-03,0,1937,0,0,0
44260,0,25,2006-09-09,35.76335877862596,2006,6.55,0.0,3.816793893129771
44490,0,0,2000-01-21,0.0,2000,5.39,0.0,0.0
44562,0,0,1993-06-04,0.0,1993,4.14,0.0,0.0
44594,0,0,2010-03-13,0.0,2010,7.89,0.0,0.0
44718,7500000,0,2010-01-22,0.0,2010,7.89,8906844.106463877,0.0
44770,0,0,2009-04-22,0.0,2009,7.5,0.0,0.0
44853,0,0,2000-12-29,0.0,2000,5.39,0.0,0.0
44857,21000000,0,1999-10-22,0.0,1999,5.08,38734251.96850394,0.0
44944,0,37000000,2010-11-05,43940430.9252218,2010,7.89,0.0,4689480.354879594
44990,0,0,2009-03-14,0.0,2009,7.5,0.0,0.0
45054,0,0,2011-03-25,0.0,2011,7.93,0.0,0.0
45145,500000,0,1991-08-18,0.0,1991,4.21,1112826.6033254154,0.0
45153,0,0,1997-09-07,0.0,1997,4.59,0.0,0.0
45226,0,0,1981-11-13,0.0,1981,2.78,0.0,0.0
45650,0,0,2009-09-09,0.0,2009,7.5,0.0,0.0
45767,825000,0,2002-10-25,0.0,2002,5.81,1330507.7452667814,0.0
45791,0,92,2007-10-05,125.29651162790697,2007,6.88,0.0,13.372093023255815
45881,0,0,2004-01-01,0.0,2004,6.21,0.0,0.0
46138,7200000,12629471,2010-09-11,14998497.24588086,2010,7.89,8550570.342205323,1600693.4093789607
46252,0,0,2010-10-07,0.0,2010,7.89,0.0,0.0
46256,15000000,0,2011-06-03,0.0,2011,7.93,17723833.543505676,0.0
46415,0,0,2005-12-09,0.0,2005,6.41,0.0,0.0
46420,0,0,2009-09-13,0.0,2009,7.5,0.0,0.0
46435,0,0,1999-09-03,0.0,1999,5.08,0.0,0.0
46503,0,0,2010-12-03,0.0,2010,7.89,0.0,0.0
46727,1000000,0,1999-02-11,0.0,1999,5.08,1844488.1889763777,0.0
46729,1,0,2005-10-01,0.0,2005,6.41,1.4617784711388453,0.0
47452,0,0,1997-01-01,0.0,1997,4.59,0.0,0.0
47534,0,0,2005-05-06,0.0,2005,6.41,0.0,0.0
47546,0,0,2010-07-06,0.0,2010,7.89,0.0,0.0
47686,0,0,1997-01-01,0.0,1997,4.59,0.0,0.0
47692,0,0,1999-11-24,0.0,1999,5.08,0.0,0.0
48217,0,0,2000-01-01,0.0,2000,5.39,0.0,0.0
48463,1400000,37493,2004-12-17,56571.563607085336,2004,6.21,2112399.3558776164,6037.520128824477
48620,7000000,0,2009-10-21,0.0,2009,7.5,8745333.333333332,0.0
49020,0,864659,2011-03-18,1021671.4791929382,2011,7.93,0.0,109036.44388398487
49365,4700000,0,1988-04-22,0.0,1988,4.11,10715085.15815085,0.0
49478,0,0,1997-05-02,0.0,1997,4.59,0.0,0.0
49517,30000000,80630608,2011-09-16,95272231.64691047,2011,7.93,35447667.08701135,10167794.19924338
49787,0,0,2010-05-15,0.0,2010,7.89,0.0,0.0
49951,1200000,0,2007-03-01,0.0,2007,6.88,1634302.3255813953,0.0
49953,0,71594792,2010-08-03,85024486.82382762,2010,7.89,0.0,9074118.124207858
49963,0,0,1996-07-17,0.0,1996,4.42,0.0,0.0
50037,1100000,0,2010-12-03,0.0,2010,7.89,1306337.135614702,0.0
50497,0,1181929,2012-01-31,1391290.7952261306,2012,7.96,0.0,148483.54271356785
50698,1000000,0,2011-09-09,0.0,2011,7.93,1181588.9029003782,0.0
50837,0,3538446,2011-10-21,4180988.527112232,2011,7.93,0.0,446210.0882723834
51052,10000000,0,2011-02-22,0.0,2011,7.93,11815889.029003784,0.0
51130,0,0,1948-02-14,0.0,1948,0.4,0.0,0.0
51384,0,0,2008-01-01,0.0,2008,7.18,0.0,0.0
51820,1500000,0,2005-01-13,0.0,2005,6.41,2192667.706708268,0.0
51955,0,0,1997-09-11,0.0,1997,4.59,0.0,0.0
51995,0,89182,2011-07-15,105376.46153846155,2011,7.93,0.0,11246.153846153846
52010,0,0,2010-12-10,0.0,2010,7.89,0.0,0.0
52032,0,246574,2009-01-01,308053.1173333333,2009,7.5,0.0,32876.53333333333
52067,0,6861102,2011-02-11,8107001.984867591,2011,7.93,0.0,865208.3228247163
52462,0,0,2006-05-17,0.0,2006,6.55,0.0,0.0
52790,0,619042,2000-05-05,1076145.3692022264,2000,5.39,0.0,114850.09276437848
53113,0,0,1998-09-18,0.0,1998,4.69,0.0,0.0
53502,0,0,2010-05-13,0.0,2010,7.89,0.0,0.0
53862,0,9016377,1999-05-12,16630600.883858265,1999,5.08,0.0,1774877.3622047245
54702,450000,0,2004-09-10,0.0,2004,6.21,678985.5072463767,0.0
55180,0,0,1998-09-23,0.0,1998,4.69,0.0,0.0
55306,0,0,1997-06-13,0.0,1997,4.59,0.0,0.0
55561,0,537948,1997-01-01,1098164.0,1997,4.59,0.0,117200.0
55567,0,531826,2010-07-16,631585.5031685678,2010,7.89,0.0,67405.06970849176
55616,1596010,0,2002-02-28,0.0,2002,5.81,2573943.838209983,0.0
55831,0,0,2005-08-05,0.0,2005,6.41,0.0,0.0
56491,1000000,0,2006-04-21,0.0,2006,6.55,1430534.3511450381,0.0
56715,40000000,0,2001-04-06,0.0,2001,5.66,66219081.272084795,0.0
56930,0,0,1947-12-27,0,1947,0,0,0
57022,0,0,2002-06-21,0.0,2002,5.81,0.0,0.0
57120,0,876302,2010-09-05,1040678.040557668,2010,7.89,0.0,111064.89226869456
57825,7000000,0,2004-02-11,0.0,2004,6.21,10561996.779388083,0.0
57876,5000000,7556,2015-05-15,8398.543297746144,2015,8.43,5557532.62158956,896.3226571767498
57943,0,0,1998-02-01,0.0,1998,4.69,0.0,0.0
58048,17000000,2315683,1986-08-29,5848503.964959568,1986,3.71,42935309.97304582,624173.3153638814
58492,0,621951,2011-04-22,734890.3997477932,2011,7.93,0.0,78430.13871374527
58626,6000000,0,2011-04-02,0.0,2011,7.93,7089533.41740227,0.0
59457,3100000,0,2010-07-15,0.0,2010,7.89,3681495.5640050694,0.0
59917,1200000,0,1970-05-27,0.0,1970,1.55,7254193.548387095,0.0
59930,0,8880705,1994-04-22,19907226.279904306,1994,4.18,0.0,2124570.5741626797
60400,0,0,1940-01-19,0.0,1940,0.24,0.0,0.0
60463,0,0,2008-10-21,0.0,2008,7.18,0.0,0.0
61038,2450000,0,2011-05-13,0.0,2011,7.93,2894892.8121059267,0.0
61337,0,0,1997-10-31,0.0,1997,4.59,0.0,0.0
62008,0,0,2012-02-23,0.0,2012,7.96,0.0,0.0
62255,6500000,0,2010-05-20,0.0,2010,7.89,7719264.892268694,0.0
62402,0,0,2004-09-24,0.0,2004,6.21,0.0,0.0
62677,0,0,2001-03-01,0.0,2001,5.66,0.0,0.0
62728,0,0,2010-09-13,0.0,2010,7.89,0.0,0.0
63287,1000000,0,2008-06-20,0.0,2008,7.18,1305013.9275766015,0.0
63574,0,0,2012-01-13,0.0,2012,7.96,0.0,0.0
64678,0,1406224,2011-06-17,1661578.6733921815,2011,7.93,0.0,177329.6343001261
64973,0,0,2005-01-28,0.0,2005,6.41,0.0,0.0
65448,0,0,1979-12-01,0.0,1979,2.51,0.0,0.0
66025,0,330048,2011-02-11,389981.05422446405,2011,7.93,0.0,41620.17654476671
66125,0,0,2011-08-04,0.0,2011,7.93,0.0,0.0
66195,0,14870,2010-07-01,17659.302915082382,2010,7.89,0.0,1884.664131812421
66468,0,2592808,2010-10-15,3079164.887198986,2010,7.89,0.0,328619.5183776933
66607,0,0,2011-03-18,0.0,2011,7.93,0.0,0.0
66767,10000000,0,2011-06-10,0.0,2011,7.93,11815889.029003784,0.0
66942,2902660,0,2011-08-19,0.0,2011,7.93,3429750.844892812,0.0
67238,7,70,2005-03-12,102.32449297971917,2005,6.41,10.232449297971916,10.920436817472698
67373,0,0,2005-01-01,0.0,2005,6.41,0.0,0.0
67911,10000000,0,2011-09-09,0.0,2011,7.93,11815889.029003784,0.0
68202,4,0,2011-06-29,0.0,2011,7.93,4.726355611601513,0.0
68412,0,0,2010-01-01,0.0,2010,7.89,0.0,0.0
68684,10000000,0,2011-03-16,0.0,2011,7.93,11815889.029003784,0.0
68818,0,987883,2011-08-31,1167271.5901639345,2011,7.93,0.0,124575.40983606558
69270,13000000,0,2010-01-01,0.0,2010,7.89,15438529.784537388,0.0
69382,0,0,2007-07-08,0.0,2007,6.88,0.0,0.0
69640,0,0,2010-10-03,0.0,2010,7.89,0.0,0.0
69848,0,0,1999-08-02,0.0,1999,5.08,0.0,0.0
70006,3000000,0,2011-09-13,0.0,2011,7.93,3544766.708701135,0.0
70670,0,18962444,2011-08-04,22405813.402269863,2011,7.93,0.0,2391228.751576293
70687,250000,0,1997-06-06,0.0,1997,4.59,510348.58387799567,0.0
71805,8500000,15024232,1990-10-03,33280627.385342784,1990,4.23,18828605.200945623,3551827.895981087
71864,25000000,56012642,2012-08-15,65934479.339195974,2012,7.96,29428391.959798995,7036764.070351759
71866,0,0,2009-09-14,0.0,2009,7.5,0.0,0.0
72086,0,0,1971-01-01,0.0,1971,1.65,0.0,0.0
72359,15,0,2013-05-09,0.0,2013,8.13,17.287822878228777,0.0
72766,9000,0,2011-12-26,0.0,2011,7.93,10634.300126103404,0.0
72913,1200000,0,2010-07-14,0.0,2010,7.89,1425095.0570342205,0.0
72914,0,0,2010-04-16,0.0,2010,7.89,0.0,0.0
73511,0,0,2005-10-21,0.0,2005,6.41,0.0,0.0
73935,16000000,0,2012-08-25,0.0,2012,7.96,18834170.854271356,0.0
74457,0,0,2011-08-26,0.0,2011,7.93,0.0,0.0
74510,0,0,2011-09-09,0.0,2011,7.93,0.0,0.0
74536,15000000,0,2011-11-04,0.0,2011,7.93,17723833.543505676,0.0
74777,70000,0,2011-03-03,0.0,2011,7.93,82711.22320302649,0.0
75033,15000000,0,2011-09-16,0.0,2011,7.93,17723833.543505676,0.0
75861,3400000,0,2015-03-13,0.0,2015,8.43,3779122.182680901,0.0
75986,550000,5269990,1983-04-01,15676128.984126981,1983,3.15,1636031.7460317458,1673012.6984126985
76640,30000000,0,2013-01-12,0.0,2013,8.13,34575645.75645755,0.0
76706,0,0,2010-12-01,0.0,2010,7.89,0.0,0.0
77156,0,0,1978-11-22,0.0,1978,2.34,0.0,0.0
77332,0,0,2000-01-24,0.0,2000,5.39,0.0,0.0
77875,35000000,0,2012-11-29,0.0,2012,7.96,41199748.743718594,0.0
77934,250000,0,2010-11-28,0.0,2010,7.89,296894.8035487959,0.0
77953,95000000,104907746,2012-08-09,123490650.7562814,2012,7.96,111827889.44723618,13179365.075376885
78307,0,0,2004-09-11,0.0,2004,6.21,0.0,0.0
78373,0,565592,1998-05-01,1129978.0469083153,1998,4.69,0.0,120595.30916844349
78381,7000000,1300000,2011-09-10,1536065.5737704919,2011,7.93,8271122.3203026485,163934.42622950822
78705,0,0,2004-09-21,0.0,2004,6.21,0.0,0.0
78814,0,0,2011-11-12,0.0,2011,7.93,0.0,0.0
79161,0,0,2006-10-18,0.0,2006,6.55,0.0,0.0
79587,3,0,2009-01-15,0.0,2009,7.5,3.7479999999999993,0.0
79698,27000000,0,2015-02-13,0.0,2015,8.43,30010676.156583626,0.0
79940,0,0,2012-03-02,0.0,2012,7.96,0.0,0.0
80215,0,0,2012-05-18,0.0,2012,7.96,0.0,0.0
80271,11000000,0,2012-02-10,0.0,2012,7.96,12948492.462311557,0.0
80304,0,0,2012-03-15,0.0,2012,7.96,0.0,0.0
80468,300000,0,2011-04-14,0.0,2011,7.93,354476.6708701135,0.0
81220,500000,0,2001-11-02,0.0,2001,5.66,827738.51590106,0.0
82533,0,0,2012-04-06,0.0,2012,7.96,0.0,0.0
82631,0,5310554,2012-09-28,6251242.585427135,2012,7.96,0.0,667155.0251256281
82684,0,0,2012-10-25,0.0,2012,7.96,0.0,0.0
83588,2000000,2368060,2012-10-12,2787527.9145728643,2012,7.96,2354271.3567839195,297494.97487437184
83860,1000000,5396618,2011-10-30,6376583.941992434,2011,7.93,1181588.9029003782,680531.9041614124
84178,0,0,2012-01-21,0.0,2012,7.96,0.0,0.0
84184,0,3094813,2012-08-03,3643014.800251256,2012,7.96,0.0,388795.6030150754
84188,270000,319285,2012-08-23,375841.7650753769,2012,7.96,317826.6331658291,40111.18090452261
84197,0,0,2013-04-19,0.0,2013,8.13,0.0,0.0
84204,0,0,2012-08-10,0.0,2012,7.96,0.0,0.0
84318,0,0,2012-09-28,0.0,2012,7.96,0.0,0.0
85860,0,0,2011-03-13,0.0,2011,7.93,0.0,0.0
86304,20000,0,2011-10-26,0.0,2011,7.93,23631.778058007567,0.0
86549,0,0,2011-06-09,0.0,2011,7.93,0.0,0.0
86812,0,0,2011-01-22,0.0,2011,7.93,0.0,0.0
87825,0,0,2012-09-21,0.0,2012,7.96,0.0,0.0
87826,0,73100172,2012-10-11,86048820.55778894,2012,7.96,0.0,9183438.693467338
87943,0,0,2005-09-03,0.0,2005,6.41,0.0,0.0
89325,0,0,2012-04-20,0.0,2012,7.96,0.0,0.0
89708,4000000,0,2011-09-16,0.0,2011,7.93,4726355.611601513,0.0
89857,0,0,2012-03-06,0.0,2012,7.96,0.0,0.0
89861,0,0,1998-06-12,0.0,1998,4.69,0.0,0.0
90369,0,2699265,2012-05-25,3177401.1369346734,2012,7.96,0.0,339103.6432160804
91076,0,0,1998-05-21,0.0,1998,4.69,0.0,0.0
91122,0,0,2009-09-19,0.0,2009,7.5,0.0,0.0
91586,5000000,0,2013-09-12,0.0,2013,8.13,5762607.62607626,0.0
91721,0,0,1964-01-01,0.0,1964,0.93,0.0,0.0
92635,1000000,0,2012-03-16,0.0,2012,7.96,1177135.6783919598,0.0
93856,0,18112929,2012-05-24,21321374.9660804,2012,7.96,0.0,2275493.5929648243
94072,0,0,1991-06-13,0.0,1991,4.21,0.0,0.0
94352,0,34153101,2012-11-09,40202833.71482412,2012,7.96,0.0,4290590.577889447
95755,2000000,0,2012-03-10,0.0,2012,7.96,2354271.3567839195,0.0
96238,0,0,2002-07-12,0.0,2002,5.81,0.0,0.0
96724,0,68929150,2012-09-06,81138961.74623115,2012,7.96,0.0,8659440.95477387
98369,1250000,0,2012-04-13,0.0,2012,7.96,1471419.5979899496,0.0
98549,0,0,2011-03-03,0.0,2011,7.93,0.0,0.0
98557,1800000,0,2012-02-03,0.0,2012,7.96,2118844.2211055276,0.0
98568,0,0,2011-10-22,0.0,2011,7.93,0.0,0.0
99826,0,0,2002-01-16,0.0,2002,5.81,0.0,0.0
100275,0,1632,2012-04-22,1921.0854271356784,2012,7.96,0.0,205.0251256281407
100975,3000000,0,1999-10-21,0.0,1999,5.08,5533464.566929134,0.0
101179,0,0,2012-08-05,0.0,2012,7.96,0.0,0.0
102362,0,18074539,2013-03-08,20831295.25584255,2013,8.13,0.0,2223190.528905289
102840,0,0,2002-02-22,0.0,2002,5.81,0.0,0.0
103328,0,641100,2012-07-02,754661.6834170854,2012,7.96,0.0,80540.20100502513
103370,20000000,66899242,2012-06-29,78749484.61557789,2012,7.96,23542713.567839194,8404427.386934673
103903,7500000,0,2012-04-27,0.0,2012,7.96,8828517.587939698,0.0
104896,0,0,1999-08-27,0.0,1999,5.08,0.0,0.0
106845,9500000,0,2015-10-16,0.0,2015,8.43,10559311.981020166,0.0
107315,0,0,2011-10-22,0.0,2011,7.93,0.0,0.0
110683,0,0,1983-04-21,0.0,1983,3.15,0.0,0.0
111794,0,0,1998-01-01,0.0,1998,4.69,0.0,0.0
112456,1000000,0,2012-06-01,0.0,2012,7.96,1177135.6783919598,0.0
112937,0,0,2012-08-29,0.0,2012,7.96,0.0,0.0
113406,0,0,2012-04-28,0.0,2012,7.96,0.0,0.0
114065,0,0,2003-03-20,0.0,2003,6.03,0.0,0.0
114635,4000000,0,2012-10-27,0.0,2012,7.96,4708542.713567839,0.0
115872,0,0,1997-10-10,0.0,1997,4.59,0.0,0.0
116584,0,0,2006-04-24,0.0,2006,6.55,0.0,0.0
117942,500000,0,2012-03-28,0.0,2012,7.96,588567.8391959799,0.0
118612,0,0,2012-08-27,0.0,2012,7.96,0.0,0.0
118957,30000000,32500000,2012-09-05,38256909.54773869,2012,7.96,35314070.35175879,4082914.5728643215
119458,500000,15919,2012-08-10,18738.822864321606,2012,7.96,588567.8391959799,1999.8743718592964
119657,500,0,2012-03-01,0.0,2012,7.96,588.5678391959799,0.0
121676,0,0,2012-09-14,0.0,2012,7.96,0.0,0.0
121986,0,4069826,2013-05-17,4690562.0688806875,2013,8.13,0.0,500593.6039360393
122906,12000000,87100449,2013-08-16,100385142.32841326,2013,8.13,13830258.302583022,10713462.361623615
124606,0,0,1995-09-09,0.0,1995,4.35,0.0,0.0
125052,0,0,1997-01-21,0.0,1997,4.59,0.0,0.0
125123,0,0,1998-06-24,0.0,1998,4.69,0.0,0.0
125263,0,0,1998-04-18,0.0,1998,4.69,0.0,0.0
125490,2400000,0,2012-09-19,0.0,2012,7.96,2825125.6281407033,0.0
125537,0,0,1999-09-16,0.0,1999,5.08,0.0,0.0
126141,0,0,2004-12-05,0.0,2004,6.21,0.0,0.0
126186,0,0,2012-05-03,0.0,2012,7.96,0.0,0.0
127867,0,0,2012-09-08,0.0,2012,7.96,0.0,0.0
127918,0,0,2012-07-09,0.0,2012,7.96,0.0,0.0
133575,4000000,0,1999-07-16,0.0,1999,5.08,7377952.755905511,0.0
133931,20000000,0,2012-06-05,0.0,2012,7.96,23542713.567839194,0.0
134371,0,0,2012-10-12,0.0,2012,7.96,0.0,0.0
134597,0,6842058,2012-09-21,8054030.585427135,2012,7.96,0.0,859555.0251256281
135595,0,0,2012-09-27,0.0,2012,7.96,0.0,0.0
137347,9000000,0,2013-11-29,0.0,2013,8.13,10372693.726937266,0.0
137955,1200000,0,2012-01-01,0.0,2012,7.96,1412562.8140703517,0.0
138697,3000000,0,2013-07-26,0.0,2013,8.13,3457564.5756457555,0.0
138976,625000,0,2013-05-16,0.0,2013,8.13,720325.9532595325,0.0
139715,500000,0,2012-04-27,0.0,2012,7.96,588567.8391959799,0.0
139998,0,0,2012-01-23,0.0,2012,7.96,0.0,0.0
142061,3500000,0,2013-01-18,0.0,2013,8.13,4033825.3382533817,0.0
142132,0,0,1999-09-17,0.0,1999,5.08,0.0,0.0
146216,84000000,148100000,2013-07-18,170688437.8843788,2013,8.13,96811808.11808115,18216482.164821647
146269,0,0,2000-03-12,0.0,2000,5.39,0.0,0.0
146631,2500000,0,2012-12-14,0.0,2012,7.96,2942839.1959798993,0.0
147767,0,126,2012-12-07,148.31909547738692,2012,7.96,0.0,15.829145728643216
150202,9000000,0,2013-02-01,0.0,2013,8.13,10372693.726937266,0.0
150211,0,0,2012-10-10,0.0,2012,7.96,0.0,0.0
153795,2000000,0,2013-01-16,0.0,2013,8.13,2305043.0504305037,0.0
157058,3000000,0,2013-01-14,0.0,2013,8.13,3457564.5756457555,0.0
157185,10000,0,2007-01-01,0.0,2007,6.88,13619.186046511626,0.0
157354,900000,17549645,2013-07-25,20226343.622386217,2013,8.13,1037269.3726937267,2158627.9212792125
157422,0,0,2015-10-16,0.0,2015,8.43,0.0,0.0
157909,0,0,2004-09-23,0.0,2004,6.21,0.0,0.0
158150,4000000,0,2012-07-21,0.0,2012,7.96,4708542.713567839,0.0
158752,650,0,2013-10-11,0.0,2013,8.13,749.1389913899137,0.0
158895,0,0,2013-06-28,0.0,2013,8.13,0.0,0.0
159014,1000000,5892466,2013-06-14,6791193.901599014,2013,8.13,1152521.5252152518,724780.565805658
159770,10000,0,2013-10-04,0.0,2013,8.13,11525.215252152519,0.0
161795,0,0,1998-04-22,0.0,1998,4.69,0.0,0.0
162396,50,60,1998-06-11,119.87206823027716,1998,4.69,99.89339019189764,12.793176972281449
164558,10000000,0,2013-08-28,0.0,2013,8.13,11525215.25215252,0.0
165864,4500000,0,2013-02-19,0.0,2013,8.13,5186346.863468633,0.0
166624,4700000,0,2013-09-13,0.0,2013,8.13,5416851.168511684,0.0
168027,0,0,2012-04-22,0.0,2012,7.96,0.0,0.0
170480,0,0,2010-06-15,0.0,2010,7.89,0.0,0.0
171759,0,0,2013-03-01,0.0,2013,8.13,0.0,0.0
172533,0,343341,2013-08-23,395707.8929889298,2013,8.13,0.0,42231.365313653136
173224,250,0,2013-02-28,0.0,2013,8.13,288.13038130381295,0.0
174311,10000000,0,2013-09-10,0.0,2013,8.13,11525215.25215252,0.0
174362,0,0,2013-04-20,0.0,2013,8.13,0.0,0.0
175291,0,0,2013-03-08,0.0,2013,8.13,0.0,0.0
175555,47000000,53396354,2013-12-13,61540447.353013515,2013,8.13,54168511.685116835,6567817.220172201
176074,0,0,2015-01-01,0.0,2015,8.43,0.0,0.0
176077,0,0,2013-03-11,0.0,2013,8.13,0.0,0.0
178862,0,0,2013-02-20,0.0,2013,8.13,0.0,0.0
180296,0,0,2014-06-27,0.0,2014,8.17,0.0,0.0
180383,500000,0,2012-10-04,0.0,2012,7.96,588567.8391959799,0.0
181330,0,32230907,2013-07-03,37146814.09471094,2013,8.13,0.0,3964441.205412054
181940,0,0,2007-07-20,0.0,2007,6.88,0.0,0.0
182291,0,0,2004-04-11,0.0,2004,6.21,0.0,0.0
182873,0,0,2013-01-01,0.0,2013,8.13,0.0,0.0
184341,20000000,0,2016-08-26,0.0,2016,8.65,21664739.884393062,0.0
184345,4000000,25343661,2014-04-17,29066108.148102812,2014,8.17,4587515.299877601,3102039.2900856794
184346,30000000,87937815,2014-07-01,100854017.93757649,2014,8.17,34406364.74908201,10763502.447980417
185465,0,0,2002-01-15,0.0,2002,5.81,0.0,0.0
185567,16000000,0,2013-12-04,0.0,2013,8.13,18440344.40344403,0.0
188161,40000000,86410000,2014-05-22,99101799.26560587,2014,8.17,45875152.99877601,10576499.388004895
188166,420000,993313,2014-04-25,1139209.64626683,2014,8.17,481689.1064871481,121580.53855569156
188652,0,0,2013-04-26,0.0,2013,8.13,0.0,0.0
189711,0,0,2014-03-08,0.0,2014,8.17,0.0,0.0
190847,0,24084,2013-08-11,27757.328413284125,2013,8.13,0.0,2962.361623616236
191229,0,0,1988-04-01,0.0,1988,4.11,0.0,0.0
192132,0,919591,2014-05-09,1054659.4455324358,2014,8.17,0.0,112557.03794369646
192134,0,523511,2013-11-15,603357.6961869617,2013,8.13,0.0,64392.496924969244
192210,3000000,0,2013-04-12,0.0,2013,8.13,3457564.5756457555,0.0
193603,60000,0,2012-10-13,0.0,2012,7.96,70628.14070351758,0.0
194588,0,0,2004-05-11,0.0,2004,6.21,0.0,0.0
198062,2000000,0,2013-07-09,0.0,2013,8.13,2305043.0504305037,0.0
198370,0,0,2014-04-15,0.0,2014,8.17,0.0,0.0
201132,1000000,0,2013-09-05,0.0,2013,8.13,1152521.5252152518,0.0
202575,34000000,64197205,2013-12-24,73988660.62115619,2013,8.13,39185731.857318565,7896335.178351783
202604,0,0,2013-05-29,0.0,2013,8.13,0.0,0.0
203833,0,76586316,2013-11-08,88267377.72693725,2013,8.13,0.0,9420211.070110701
205126,1800000,0,2013-06-27,0.0,2013,8.13,2074538.7453874534,0.0
205321,1000000,0,2013-07-11,0.0,2013,8.13,1152521.5252152518,0.0
205588,0,9930095,2016-05-05,10756646.260115607,2016,8.65,0.0,1147987.8612716761
206197,0,0,2015-04-10,0.0,2015,8.43,0.0,0.0
206213,0,0,2013-07-25,0.0,2013,8.13,0.0,0.0
206284,0,0,2013-10-04,0.0,2013,8.13,0.0,0.0
206296,0,0,2014-11-03,0.0,2014,8.17,0.0,0.0
206412,0,112521,2000-05-14,195607.00742115028,2000,5.39,0.0,20875.88126159555
207769,950000,0,2013-08-26,0.0,2013,8.13,1094895.4489544893,0.0
208869,10,0,2014-04-30,0.0,2014,8.17,11.468788249694002,0.0
209263,0,25288872,2013-09-18,29145969.328413278,2013,8.13,0.0,3110562.361623616
211557,0,0,2012-10-28,0.0,2012,7.96,0.0,0.0
215211,30000000,26576000,2014-05-14,30479451.65238678,2014,8.17,34406364.74908201,3252876.376988984
215881,0,0,2013-09-13,0.0,2013,8.13,0.0,0.0
215918,1000000,0,2013-12-31,0.0,2013,8.13,1152521.5252152518,0.0
218500,0,0,1983-08-19,0.0,1983,3.15,0.0,0.0
219716,0,0,1999-03-19,0.0,1999,5.08,0.0,0.0
220490,5000,0,2013-04-19,0.0,2013,8.13,5762.607626076259,0.0
222250,0,0,2013-09-20,0.0,2013,8.13,0.0,0.0
222649,0,0,2014-11-07,0.0,2014,8.17,0.0,0.0
223485,2000000,229094,2015-04-16,254639.47568208774,2015,8.43,2223013.048635824,27176.037959667854
224569,0,0,1999-09-16,0.0,1999,5.08,0.0,0.0
226354,0,0,2013-11-22,0.0,2013,8.13,0.0,0.0
226458,0,0,2015-01-16,0.0,2015,8.43,0.0,0.0
227783,42000000,122529966,2014-01-17,140527023.42962056,2014,8.17,48168910.64871481,14997547.858017135
228203,0,45710059,2015-02-20,50807028.8054567,2015,8.43,0.0,5422308.303677343
228550,0,0,2011-03-27,0.0,2011,7.93,0.0,0.0
231617,0,0,2013-10-13,0.0,2013,8.13,0.0,0.0
235271,0,0,2014-10-10,0.0,2014,8.17,0.0,0.0
239566,30000000,33448971,2014-08-01,38361916.556915544,2014,8.17,34406364.74908201,4094121.2974296208
239897,0,0,2014-01-24,0.0,2014,8.17,0.0,0.0
241257,0,17671101,2015-10-01,19641544.05338078,2015,8.43,0.0,2096216.0142348756
241766,3440000,0,2014-01-06,0.0,2014,8.17,3945263.1578947366,0.0
242083,1000000,0,2014-01-21,0.0,2014,8.17,1146878.8249694002,0.0
242166,25000000,0,2014-03-12,0.0,2014,8.17,28671970.624235004,0.0
242575,4000000,0,2013-10-18,0.0,2013,8.13,4610086.100861007,0.0
244267,0,336472,2014-07-18,385892.611995104,2014,8.17,0.0,41183.84332925337
244316,10000000,0,2015-02-27,0.0,2015,8.43,11115065.24317912,0.0
244403,5000000,58293,2014-10-17,66855.00734394125,2014,8.17,5734394.124847001,7135.00611995104
244534,0,0,2014-06-26,0.0,2014,8.17,0.0,0.0
244772,0,5284309,2014-01-18,6060462.096695226,2014,8.17,0.0,646794.247246022
244776,0,0,2014-01-20,0.0,2014,8.17,0.0,0.0
245700,0,5405500,2014-10-31,6199453.488372093,2014,8.17,0.0,661627.9069767442
246449,1493619,0,2013-12-29,0.0,2013,8.13,1721428.0479704794,0.0
248402,0,0,2014-04-16,0.0,2014,8.17,0.0,0.0
248774,0,3123963,2014-06-06,3582807.0146878823,2014,8.17,0.0,382370.0122399021
250066,10000000,0,2014-09-11,0.0,2014,8.17,11468788.249694003,0.0
250184,0,0,2014-03-29,0.0,2014,8.17,0.0,0.0
250902,50000,0,2013-11-21,0.0,2013,8.13,57626.076260762595,0.0
251471,650000,0,2015-07-31,0.0,2015,8.43,722479.2408066428,0.0
251979,0,0,2014-02-28,0.0,2014,8.17,0.0,0.0
252360,3500000,0,2013-12-27,0.0,2013,8.13,4033825.3382533817,0.0
253253,0,0,2014-05-15,0.0,2014,8.17,0.0,0.0
253261,0,0,2014-03-08,0.0,2014,8.17,0.0,0.0
253290,0,0,2014-03-10,0.0,2014,8.17,0.0,0.0
253306,0,0,2014-09-04,0.0,2014,8.17,0.0,0.0
253626,0,316472,2015-04-09,351760.6927639383,2015,8.43,0.0,37541.162514828
254024,0,0,2014-09-06,0.0,2014,8.17,0.0,0.0
255266,22000,0,2013-02-14,0.0,2013,8.13,25355.47355473554,0.0
256092,12000000,0,2014-05-26,0.0,2014,8.17,13762545.899632802,0.0
256687,8000000,0,2014-04-20,0.0,2014,8.17,9175030.599755201,0.0
256740,3500000,0,2014-03-04,0.0,2014,8.17,4014075.887392901,0.0
257087,4000000,0,2016-04-21,0.0,2016,8.65,4332947.976878612,0.0
258509,0,233755553,2015-12-17,259820822.25504148,2015,8.43,0.0,27729009.84578885
260947,3000000,0,2014-04-04,0.0,2014,8.17,3440636.4749082006,0.0
262543,7000000,0,2014-10-09,0.0,2014,8.17,8028151.774785802,0.0
263503,0,0,2014-05-02,0.0,2014,8.17,0.0,0.0
265208,30000000,0,2015-01-14,0.0,2015,8.43,33345195.729537364,0.0
266102,0,0,2014-07-03,0.0,2014,8.17,0.0,0.0
266857,0,0,2003-01-01,0.0,2003,6.03,0.0,0.0
268171,10000000,0,2014-03-07,0.0,2014,8.17,11468788.249694003,0.0
268917,100,0,2014-06-15,0.0,2014,8.17,114.68788249694002,0.0
269057,1000000,0,2014-09-08,0.0,2014,8.17,1146878.8249694002,0.0
270554,0,0,2013-11-08,0.0,2013,8.13,0.0,0.0
270938,4500000,11774,2014-09-05,13503.351285189718,2014,8.17,5160954.712362301,1441.126070991432
271185,950000,0,2014-04-19,0.0,2014,8.17,1089534.8837209302,0.0
271331,27000000,0,2014-06-19,0.0,2014,8.17,30965728.274173804,0.0
272724,1000000,0,2014-06-01,0.0,2014,8.17,1146878.8249694002,0.0
272726,0,0,2014-06-12,0.0,2014,8.17,0.0,0.0
274758,0,0,2014-06-24,0.0,2014,8.17,0.0,0.0
278316,1420000,0,2014-06-22,0.0,2014,8.17,1628567.9314565482,0.0
278348,0,0,2014-08-08,0.0,2014,8.17,0.0,0.0
279759,0,0,2008-01-01,0.0,2008,7.18,0.0,0.0
280381,0,0,2014-01-11,0.0,2014,8.17,0.0,0.0
281189,0,0,2003-11-05,0.0,2003,6.03,0.0,0.0
281230,0,0,2014-01-01,0.0,2014,8.17,0.0,0.0
281730,0,0,2014-06-13,0.0,2014,8.17,0.0,0.0
282128,0,0,2014-07-18,0.0,2014,8.17,0.0,0.0
283384,0,0,2014-08-05,0.0,2014,8.17,0.0,0.0
283671,10000000,0,2014-08-07,0.0,2014,8.17,11468788.249694003,0.0
283686,0,0,2014-08-27,0.0,2014,8.17,0.0,0.0
284296,0,25434291,2014-12-12,29170049.77600979,2014,8.17,0.0,3113132.3133414933
285743,0,0,2016-03-29,0.0,2016,8.65,0.0,0.0
286939,0,0,2012-01-20,0.0,2012,7.96,0.0,0.0
287524,1000000,0,2014-10-31,0.0,2014,8.17,1146878.8249694002,0.0
287625,0,0,2014-09-05,0.0,2014,8.17,0.0,0.0
287815,0,0,2008-10-10,0.0,2008,7.18,0.0,0.0
288927,0,0,2014-09-12,0.0,2014,8.17,0.0,0.0
288980,14500000,0,2014-08-21,0.0,2014,8.17,16629742.962056303,0.0
289180,0,0,2014-08-28,0.0,2014,8.17,0.0,0.0
290370,0,1500000,2014-09-27,1720318.2374541003,2014,8.17,0.0,183598.53121175032
290391,50000,0,2015-09-01,0.0,2015,8.43,55575.326215895606,0.0
290555,18000000,0,2014-08-28,0.0,2014,8.17,20643818.849449202,0.0
290825,5000000,0,2016-07-08,0.0,2016,8.65,5416184.971098266,0.0
291081,9000000,0,2009-02-28,0.0,2009,7.5,11243999.999999998,0.0
291362,1500000,0,2015-03-06,0.0,2015,8.43,1667259.7864768682,0.0
292481,5000000,0,2014-08-18,0.0,2014,8.17,5734394.124847001,0.0
292483,0,0,2014-09-23,0.0,2014,8.17,0.0,0.0
294086,0,0,2014-07-26,0.0,2014,8.17,0.0,0.0
294512,0,0,2014-07-21,0.0,2014,8.17,0.0,0.0
294550,0,0,2014-05-02,0.0,2014,8.17,0.0,0.0
294600,0,0,2013-01-01,0.0,2013,8.13,0.0,0.0
296943,0,0,2014-10-31,0.0,2014,8.17,0.0,0.0
297100,500000,0,2014-09-11,0.0,2014,8.17,573439.4124847001,0.0
297596,15000000,0,2014-12-04,0.0,2014,8.17,17203182.374541003,0.0
297621,0,0,2014-11-14,0.0,2014,8.17,0.0,0.0
298584,0,0,2016-02-12,0.0,2016,8.65,0.0,0.0
299145,0,0,2015-06-05,0.0,2015,8.43,0.0,0.0
299552,0,0,2013-12-05,0.0,2013,8.13,0.0,0.0
299553,2000000,0,2015-10-02,0.0,2015,8.43,2223013.048635824,0.0
300327,0,0,2010-09-01,0.0,2010,7.89,0.0,0.0
300706,5000000,0,2014-12-23,0.0,2014,8.17,5734394.124847001,0.0
306667,0,0,2015-01-10,0.0,2015,8.43,0.0,0.0
308467,0,0,2013-03-01,0.0,2013,8.13,0.0,0.0
308529,17000000,0,2016-07-14,0.0,2016,8.65,18415028.901734103,0.0
309425,0,0,2015-03-20,0.0,2015,8.43,0.0,0.0
309503,0,0,2015-08-28,0.0,2015,8.43,0.0,0.0
309919,2000000,0,2015-08-21,0.0,2015,8.43,2223013.048635824,0.0
310706,0,0,2009-05-13,0.0,2009,7.5,0.0,0.0
310933,0,0,2013-06-01,0.0,2013,8.13,0.0,0.0
312113,12500000,0,2012-12-07,0.0,2012,7.96,14714195.979899498,0.0
312791,3150000,0,2014-10-16,0.0,2014,8.17,3612668.2986536105,0.0
312793,0,0,2015-03-20,0.0,2015,8.43,0.0,0.0
316002,26000000,24487,2015-02-10,27217.46026097271,2015,8.43,28899169.632265713,2904.7449584816136
318040,0,0,2015-02-07,0.0,2015,8.43,0.0,0.0
319069,0,0,2015-01-24,0.0,2015,8.43,0.0,0.0
319910,15000000,0,2015-03-15,0.0,2015,8.43,16672597.864768682,0.0
320146,1000000,0,2016-03-11,0.0,2016,8.65,1083236.994219653,0.0
320435,0,0,2013-02-01,0.0,2013,8.13,0.0,0.0
322194,0,0,2015-03-10,0.0,2015,8.43,0.0,0.0
322745,50000,0,2015-02-09,0.0,2015,8.43,55575.326215895606,0.0
323270,0,0,2015-10-27,0.0,2015,8.43,0.0,0.0
323271,0,0,2015-08-28,0.0,2015,8.43,0.0,0.0
323967,700000,0,2015-03-13,0.0,2015,8.43,778054.5670225385,0.0
324352,300000,0,2010-05-20,0.0,2010,7.89,356273.76425855514,0.0
325123,300000,0,2015-03-10,0.0,2015,8.43,333451.9572953736,0.0
325140,0,0,2000-05-26,0.0,2000,5.39,0.0,0.0
325173,3000000,0,2015-12-11,0.0,2015,8.43,3334519.5729537364,0.0
325373,0,0,2016-10-02,0.0,2016,8.65,0.0,0.0
325579,0,0,2015-01-01,0.0,2015,8.43,0.0,0.0
326284,7500000,163080,2015-05-07,181264.4839857651,2015,8.43,8336298.932384341,19345.19572953737
326576,0,0,2014-04-05,0.0,2014,8.17,0.0,0.0
327833,10000000,0,2014-11-07,0.0,2014,8.17,11468788.249694003,0.0
328307,0,0,2014-11-20,0.0,2014,8.17,0.0,0.0
329540,1950000,0,2015-04-10,0.0,2015,8.43,2167437.7224199288,0.0
331493,600000,0,2014-01-01,0.0,2014,8.17,688127.2949816401,0.0
331592,0,0,2015-09-11,0.0,2015,8.43,0.0,0.0
331745,0,0,2014-11-15,0.0,2014,8.17,0.0,0.0
332285,35000000,0,2016-09-02,0.0,2016,8.65,37913294.79768786,0.0
332411,18000000,0,2016-04-14,0.0,2016,8.65,19498265.895953756,0.0
334074,20000000,0,2015-05-21,0.0,2015,8.43,22230130.48635824,0.0
334527,7000000,0,2015-11-20,0.0,2015,8.43,7780545.670225385,0.0
334531,20000000,0,2015-11-13,0.0,2015,8.43,22230130.48635824,0.0
335244,0,0,2015-04-17,0.0,2015,8.43,0.0,0.0
335866,0,0,2015-10-02,0.0,2015,8.43,0.0,0.0
335874,1000000,0,2015-04-03,0.0,2015,8.43,1111506.524317912,0.0
340611,0,3924527,2016-07-29,4251192.831213873,2016,8.65,0.0,453702.5433526011
340816,0,0,2015-12-04,0.0,2015,8.43,0.0,0.0
342502,3000000,0,2015-08-07,0.0,2015,8.43,3334519.5729537364,0.0
343409,0,0,2015-06-26,0.0,2015,8.43,0.0,0.0
345003,1200000,0,2015-11-20,0.0,2015,8.43,1333807.8291814944,0.0
346081,0,0,2015-06-26,0.0,2015,8.43,0.0,0.0
347548,0,0,2015-07-09,0.0,2015,8.43,0.0,0.0
347755,0,0,2016-01-28,0.0,2016,8.65,0.0,0.0
347764,0,0,2015-08-31,0.0,2015,8.43,0.0,0.0
347969,60000000,0,2015-12-11,0.0,2015,8.43,66690391.45907473,0.0
351043,3000000,0,2015-08-14,0.0,2015,8.43,3334519.5729537364,0.0
352978,5000000,0,2015-08-30,0.0,2015,8.43,5557532.62158956,0.0
354110,11000000,0,2015-09-16,0.0,2015,8.43,12226571.767497033,0.0
354624,0,0,2015-09-04,0.0,2015,8.43,0.0,0.0
355629,0,0,2013-10-27,0.0,2013,8.13,0.0,0.0
356216,2500000,0,2015-08-29,0.0,2015,8.43,2778766.31079478,0.0
356483,3000000,0,2015-10-16,0.0,2015,8.43,3334519.5729537364,0.0
356841,0,0,2015-07-03,0.0,2015,8.43,0.0,0.0
356987,0,0,2015-08-30,0.0,2015,8.43,0.0,0.0
357441,0,1000000,2015-07-31,1111506.524317912,2015,8.43,0.0,118623.96204033215
357834,1,0,2015-08-07,0.0,2015,8.43,1.111506524317912,0.0
360188,75000,0,2015-09-29,0.0,2015,8.43,83362.9893238434,0.0
360339,2300000,0,2015-10-22,0.0,2015,8.43,2556465.0059311977,0.0
361159,0,0,2015-10-08,0.0,2015,8.43,0.0,0.0
361398,0,0,2015-09-25,0.0,2015,8.43,0.0,0.0
361475,0,0,2016-05-20,0.0,2016,8.65,0.0,0.0
361505,0,0,2015-07-07,0.0,2015,8.43,0.0,0.0
362105,4400000,0,2015-09-29,0.0,2015,8.43,4890628.706998813,0.0
362765,0,0,2014-10-19,0.0,2014,8.17,0.0,0.0
365052,0,0,2015-10-23,0.0,2015,8.43,0.0,0.0
366967,0,0,2015-10-02,0.0,2015,8.43,0.0,0.0
367551,0,0,2015-12-11,0.0,2015,8.43,0.0,0.0
370464,0,0,2016-01-08,0.0,2016,8.65,0.0,0.0
370662,3500000,0,2015-09-04,0.0,2015,8.43,3890272.8351126923,0.0
371085,0,0,2015-01-01,0.0,2015,8.43,0.0,0.0
371690,350000,0,2015-10-20,0.0,2015,8.43,389027.28351126926,0.0
373314,11000000,0,2016-02-05,0.0,2016,8.65,11915606.936416185,0.0
374461,8000000,0,2016-09-16,0.0,2016,8.65,8665895.953757225,0.0
376004,750000,0,2016-01-05,0.0,2016,8.65,812427.7456647399,0.0
376010,0,0,2015-10-09,0.0,2015,8.43,0.0,0.0
378200,0,0,2016-03-11,0.0,2016,8.65,0.0,0.0
378237,300000,0,2014-12-01,0.0,2014,8.17,344063.64749082003,0.0
379532,0,0,2016-01-05,0.0,2016,8.65,0.0,0.0
380733,0,0,2016-02-02,0.0,2016,8.65,0.0,0.0
385383,27000000,0,2016-07-22,0.0,2016,8.65,29247398.843930636,0.0
385736,0,0,2016-09-09,0.0,2016,8.65,0.0,0.0
386826,0,0,2016-03-04,0.0,2016,8.65,0.0,0.0
389425,8000000,0,2016-05-06,0.0,2016,8.65,8665895.953757225,0.0
394047,2000000,0,2016-07-08,0.0,2016,8.65,2166473.988439306,0.0
396152,0,0,2016-05-03,0.0,2016,8.65,0.0,0.0
408429,200,0,2014-07-13,0.0,2014,8.17,229.37576499388004,0.0
426067,0,0,1990-01-01,0.0,1990,4.23,0.0,0.0
426469,0,0,2017-02-03,0.0,2017,8.97,0.0,0.0
433715,25000000,0,2014-06-15,0.0,2014,8.17,28671970.624235004,0.0
447027,5000000,0,2015-10-27,0.0,2015,8.43,5557532.62158956,0.0
459488,0,0,2015-12-12,0.0,2015,8.43,0.0,0.0
